PLAYER_ID,PLAYER_NAME,GP,W,L,W_PCT,MIN,E_OFF_RATING,E_DEF_RATING,E_NET_RATING,E_AST_RATIO,E_OREB_PCT,E_DREB_PCT,E_REB_PCT,E_TOV_PCT,E_USG_PCT,E_PACE,GP_RANK,W_RANK,L_RANK,W_PCT_RANK,MIN_RANK,E_OFF_RATING_RANK,E_DEF_RATING_RANK,E_NET_RATING_RANK,E_AST_RATIO_RANK,E_OREB_PCT_RANK,E_DREB_PCT_RANK,E_REB_PCT_RANK,E_TOV_PCT_RANK,E_USG_PCT_RANK,E_PACE_RANK
1631386,Taze Moore,3,1,2,0.333,3.4,130.4,106.8,23.6,14.3,0.0,0.0,0.0,14.286,0.206,125.48,504,491,33,410,510,10,77,13,361,499,518,526,51,150,1
1631199,Ron Harper Jr.,1,1,0,1.0,3.7,100.0,155.1,-55.1,100.0,0.0,0.0,0.0,0.0,0.0,124.67,529,491,1,1,502,487,538,534,1,499,518,526,1,535,2
1630563,Joshua Primo,1,1,0,1.0,5.0,91.7,96.7,-5.1,0.0,0.0,0.0,0.0,60.0,0.417,122.52,529,491,1,1,479,512,26,364,515,499,518,526,539,2,3
1630586,Usman Garuba,2,2,0,1.0,3.0,118.1,131.6,-13.5,50.0,0.0,0.0,0.0,0.0,0.061,117.42,514,469,1,1,517,67,528,486,3,499,518,526,1,532,4
1630554,Jason Preston,1,0,1,0.0,1.2,0.0,0.0,0.0,0.0,0.5,0.0,0.2,100.0,0.25,116.76,529,520,13,520,538,539,1,232,515,1,518,24,540,69,5
1641926,Dexter Dennis,4,1,3,0.25,7.5,89.9,102.5,-12.7,14.6,0.026,0.235,0.123,10.981,0.298,116.1,500,491,46,442,434,516,42,476,351,363,58,144,51,24,6
1631173,Terquavion Smith,11,4,7,0.364,6.2,118.0,118.3,-0.3,18.1,0.0,0.034,0.016,7.231,0.251,114.37,443,437,112,397,460,72,452,243,249,499,513,525,51,66,7
1631262,Jules Bernard,6,1,5,0.167,4.7,98.6,85.3,13.4,26.3,0.05,0.097,0.07,10.526,0.165,113.93,479,491,80,483,489,491,15,30,89,211,421,371,51,297,8
1630535,Greg Brown III,6,3,3,0.5,6.6,105.2,109.9,-4.8,17.4,0.067,0.133,0.1,17.422,0.184,111.67,479,448,46,274,450,439,150,353,262,157,276,210,502,221,9
1630568,Luka Garza,13,10,3,0.769,3.0,107.6,112.4,-4.8,5.8,0.13,0.139,0.134,5.834,0.307,111.59,433,330,46,34,520,380,251,353,510,39,254,118,51,13,10
1631157,Ryan Rollins,10,1,9,0.1,6.6,118.0,81.4,36.6,21.8,0.036,0.136,0.091,13.867,0.239,110.58,448,491,135,510,452,72,11,9,154,284,263,253,51,90,11
1631111,Wendell Moore Jr.,14,11,3,0.786,3.2,98.0,119.1,-21.1,13.3,0.0,0.15,0.072,20.0,0.119,109.83,428,310,46,25,515,494,475,514,385,499,203,356,502,477,12
1631321,Sidy Cissoko,5,0,5,0.0,6.3,106.6,86.4,20.2,0.0,0.0,0.182,0.088,11.416,0.107,109.49,487,520,80,520,457,404,16,17,515,499,139,264,51,503,13
1641723,Kobe Bufkin,5,4,1,0.8,4.9,91.4,114.9,-23.5,7.8,0.074,0.211,0.13,7.764,0.202,108.19,487,437,13,18,484,513,353,518,499,131,94,125,51,163,14
1631243,Mouhamed Gueye,2,2,0,1.0,2.2,10.1,141.7,-131.6,0.0,0.0,0.0,0.0,0.0,0.092,108.19,514,469,1,1,533,538,533,539,515,499,518,526,1,521,14
1641727,Dariq Whitehead,2,1,1,0.5,12.0,108.6,161.5,-52.9,33.8,0.0,0.19,0.087,0.0,0.093,107.63,514,491,13,274,360,358,539,533,32,499,127,277,1,519,16
203095,Evan Fournier,5,2,3,0.4,17.8,93.8,110.3,-16.6,9.2,0.02,0.143,0.071,10.981,0.217,107.45,487,469,46,372,264,506,159,499,480,411,233,368,51,131,17
1631131,Oscar Tshiebwe,7,2,5,0.286,5.3,114.3,109.2,5.1,9.2,0.158,0.333,0.226,0.0,0.2,107.33,472,469,80,428,474,188,130,125,479,17,9,9,1,170,18
1631116,Patrick Baldwin Jr.,17,2,15,0.118,7.2,109.4,93.7,15.7,11.8,0.056,0.223,0.142,10.121,0.17,107.19,401,469,235,505,444,337,23,25,421,191,70,104,51,272,19
1630647,Eugene Omoruyi,24,2,22,0.083,7.1,102.1,110.4,-8.4,15.1,0.13,0.195,0.16,10.337,0.256,107.17,356,469,381,516,447,471,166,423,331,40,122,76,51,62,20
201980,Danny Green,2,1,1,0.5,9.2,110.8,118.0,-7.1,33.3,0.0,0.118,0.069,0.0,0.044,106.98,514,491,13,274,404,289,445,395,33,499,337,379,1,534,21
1641741,Ricky Council IV,14,6,8,0.429,9.9,109.0,110.9,-1.9,4.8,0.074,0.141,0.107,2.396,0.229,106.95,428,403,126,355,396,351,189,291,511,134,244,184,1,110,22
1631169,Josh Minott,19,14,5,0.737,3.2,107.9,107.4,0.5,9.3,0.048,0.14,0.088,6.219,0.194,106.94,385,279,80,44,513,375,91,219,477,226,247,261,51,186,23
1629677,Luka Samanic,26,11,15,0.423,5.6,107.0,101.5,5.4,4.7,0.056,0.216,0.141,12.905,0.222,106.85,347,310,235,360,470,391,35,119,512,192,83,105,51,123,24
1630264,Anthony Gill,29,4,25,0.138,5.6,121.1,101.8,19.3,13.7,0.09,0.156,0.124,18.741,0.17,106.84,331,437,428,498,471,21,38,19,371,97,185,141,502,272,25
1631100,AJ Griffin,18,8,10,0.444,7.4,111.5,120.0,-8.6,7.2,0.017,0.112,0.062,10.737,0.165,106.71,393,363,152,336,441,268,491,428,502,442,361,421,51,297,26
1630284,Kevon Harris,2,1,1,0.5,3.0,156.7,142.0,14.7,20.0,0.0,0.286,0.222,20.0,0.313,106.47,514,491,13,274,517,4,534,27,191,499,21,10,502,11,27
1641716,Jarace Walker,17,7,10,0.412,10.2,114.9,118.3,-3.4,20.2,0.051,0.154,0.099,10.093,0.185,106.44,401,382,152,366,391,163,452,327,186,209,193,215,51,218,28
1629673,Jordan Poole,52,9,43,0.173,29.2,109.6,119.4,-9.7,17.5,0.014,0.076,0.045,10.186,0.25,106.32,65,349,532,479,109,327,482,442,260,467,480,501,51,69,29
1630166,Deni Avdija,54,9,45,0.167,28.2,109.9,117.2,-7.3,22.3,0.04,0.21,0.125,11.849,0.197,106.31,19,349,538,483,125,315,424,399,147,269,95,139,51,178,30
1630167,Obi Toppin,56,31,25,0.554,22.5,118.0,117.5,0.4,14.9,0.054,0.145,0.099,8.247,0.162,106.25,1,52,428,235,209,72,431,222,336,201,223,217,51,317,31
1630169,Tyrese Haliburton,43,24,19,0.558,32.0,122.0,117.0,5.1,37.1,0.021,0.115,0.068,7.535,0.255,106.24,202,148,335,223,67,18,416,125,22,399,355,381,51,63,32
1626145,Tyus Jones,54,9,45,0.167,29.0,110.1,120.2,-10.1,36.8,0.01,0.095,0.051,5.096,0.169,106.08,19,349,538,483,114,309,495,445,24,489,430,481,51,279,33
1629655,Daniel Gafford,48,12,36,0.25,26.2,111.9,117.0,-5.0,14.5,0.12,0.21,0.165,9.914,0.144,106.07,140,302,513,442,159,254,416,360,354,52,96,66,51,389,34
1641757,Jordan Miller,5,4,1,0.8,4.2,106.6,127.8,-21.2,0.0,0.1,0.095,0.098,12.69,0.157,105.91,487,437,13,18,492,404,521,515,515,72,427,224,51,340,35
1641767,Ben Sheppard,33,16,17,0.485,10.8,113.1,116.2,-3.1,17.5,0.021,0.121,0.069,5.092,0.131,105.78,297,260,290,301,380,223,393,325,261,404,326,380,51,439,36
1628398,Kyle Kuzma,52,9,43,0.173,31.7,109.6,119.1,-9.5,15.4,0.031,0.182,0.106,9.787,0.304,105.73,65,349,532,479,73,327,475,439,320,321,138,187,51,16,37
1631159,Leonard Miller,7,6,1,0.857,3.7,92.7,103.7,-11.0,20.0,0.04,0.45,0.222,6.667,0.203,105.68,472,403,13,14,500,509,50,453,191,266,4,10,51,160,38
1629670,Jordan Nwora,28,10,18,0.357,11.0,111.1,118.9,-7.8,16.8,0.045,0.159,0.099,9.983,0.21,105.61,341,330,320,402,379,278,471,413,281,241,176,216,51,142,39
1630572,Sandro Mamukelashvili,30,6,24,0.2,6.5,105.2,106.4,-1.2,24.9,0.093,0.205,0.145,7.375,0.17,105.6,322,403,410,465,455,439,71,270,108,92,104,98,51,272,40
1630639,A.J. Lawson,27,15,12,0.556,8.5,113.8,107.4,6.5,11.3,0.045,0.096,0.069,8.669,0.178,105.59,344,270,184,228,419,195,91,99,437,240,423,378,51,245,41
1631098,Johnny Davis,23,2,21,0.087,7.9,107.0,107.2,-0.3,9.3,0.05,0.074,0.061,7.991,0.152,105.58,358,469,365,514,428,391,87,243,478,213,484,426,51,356,42
1630543,Isaiah Jackson,43,26,17,0.605,13.7,112.1,113.7,-1.6,13.5,0.128,0.223,0.176,10.752,0.175,105.53,202,119,290,166,331,246,311,283,377,43,70,48,51,252,43
1630164,James Wiseman,35,3,32,0.086,14.1,108.3,121.1,-12.8,10.6,0.114,0.207,0.159,14.42,0.157,105.45,280,448,497,515,324,364,506,477,448,59,101,78,51,340,44
203081,Damian Lillard,51,35,16,0.686,34.9,118.7,111.9,6.8,22.4,0.018,0.107,0.064,8.435,0.28,105.21,85,26,258,75,24,51,227,92,144,431,385,410,51,37,45
1629027,Trae Young,50,22,28,0.44,36.5,116.1,118.3,-2.2,28.7,0.013,0.071,0.041,11.342,0.303,105.18,98,188,462,344,7,129,452,298,64,477,489,512,51,17,46
1630608,Malcolm Cazalon,1,0,1,0.0,2.6,174.1,120.0,54.1,0.0,0.0,0.0,0.0,0.0,0.0,105.17,529,520,13,520,527,2,491,4,515,499,518,526,1,535,47
1629646,Charles Bassey,19,3,16,0.158,10.8,105.9,117.1,-11.2,26.7,0.118,0.306,0.207,19.074,0.115,105.11,385,448,258,490,381,424,420,459,83,55,14,21,502,484,48
1631103,Malaki Branham,50,9,41,0.18,20.2,106.0,119.1,-13.1,19.7,0.018,0.091,0.053,9.943,0.187,105.11,98,349,529,476,230,422,475,481,202,435,442,475,51,213,48
1627780,Gary Payton II,20,11,9,0.55,16.0,114.8,106.0,8.8,15.4,0.068,0.129,0.098,9.242,0.14,105.03,381,310,135,240,293,167,65,72,321,151,290,221,51,400,50
1628984,Devonte' Graham,12,3,9,0.25,8.3,115.9,102.4,13.5,34.2,0.019,0.177,0.087,5.403,0.153,104.99,438,448,135,442,423,138,40,29,30,422,149,271,51,350,51
1631097,Bennedict Mathurin,52,29,23,0.558,25.5,113.8,116.6,-2.8,11.7,0.043,0.127,0.085,10.285,0.232,104.95,65,80,398,225,173,195,405,310,424,250,296,293,51,106,52
1631254,Kenneth Lofton Jr.,17,5,12,0.294,6.3,103.4,108.8,-5.4,19.6,0.018,0.178,0.09,11.173,0.221,104.91,401,424,184,426,456,461,120,368,208,430,147,255,51,125,53
1628971,Bruce Brown,47,22,25,0.468,28.6,117.7,118.5,-0.8,19.7,0.034,0.151,0.092,8.485,0.164,104.86,155,188,428,320,120,85,464,260,203,301,201,247,51,303,54
1631214,Alondes Williams,1,1,0,1.0,6.3,58.1,72.7,-14.5,0.0,0.0,0.125,0.071,50.0,0.136,104.84,529,491,1,1,458,533,8,492,515,499,304,363,538,415,55
1630552,Jalen Johnson,41,20,21,0.488,34.0,114.4,117.0,-2.6,18.2,0.04,0.237,0.135,9.652,0.179,104.81,224,216,365,299,38,184,416,306,247,265,55,115,51,240,56
1627741,Buddy Hield,56,31,25,0.554,26.6,119.0,118.4,0.7,20.1,0.028,0.115,0.071,8.796,0.187,104.74,1,52,428,235,149,43,458,210,188,347,353,369,51,213,57
1630557,Corey Kispert,53,9,44,0.17,22.5,107.4,118.5,-11.1,13.2,0.015,0.104,0.058,8.358,0.201,104.72,42,349,534,481,210,382,464,456,388,460,394,440,51,166,58
1630346,Matt Ryan,14,7,7,0.5,21.6,109.8,107.1,2.7,11.6,0.017,0.088,0.053,13.206,0.147,104.71,428,382,112,274,216,320,84,172,429,439,447,476,51,379,59
203935,Marcus Smart,20,7,13,0.35,30.2,106.8,106.6,0.2,21.0,0.011,0.083,0.047,15.135,0.228,104.71,381,382,203,407,93,398,74,228,168,486,465,497,502,113,59
1631220,Dereon Seabron,5,2,3,0.4,10.5,116.1,92.8,23.3,20.4,0.023,0.098,0.067,0.0,0.126,104.69,487,469,46,372,386,129,21,14,182,383,418,386,1,454,61
1641715,Cam Whitmore,28,11,17,0.393,17.0,108.1,113.1,-5.0,4.1,0.04,0.193,0.113,6.64,0.258,104.65,341,310,290,381,281,369,275,360,514,263,126,168,51,60,62
1627736,Malik Beasley,54,33,21,0.611,29.5,118.2,110.4,7.8,12.2,0.025,0.111,0.07,6.376,0.139,104.65,19,37,365,157,104,63,166,84,405,373,365,374,51,403,62
1629640,Keldon Johnson,51,11,40,0.216,29.9,106.9,116.6,-9.7,15.8,0.049,0.157,0.102,8.077,0.224,104.64,85,310,526,463,98,395,405,442,309,216,181,200,51,119,64
201572,Brook Lopez,53,34,19,0.642,31.5,116.7,111.4,5.3,12.2,0.054,0.129,0.093,6.993,0.158,104.62,42,32,335,120,78,112,205,121,408,202,292,242,51,334,65
1641731,Bilal Coulibaly,53,9,44,0.17,26.9,106.8,116.3,-9.5,16.1,0.035,0.134,0.083,13.793,0.143,104.58,42,349,534,481,144,398,395,439,303,290,274,303,51,392,66
1641766,Adama Sanogo,3,0,3,0.0,3.5,85.6,8.3,77.3,0.0,0.167,0.5,0.3,18.797,0.203,104.49,504,520,46,520,506,521,2,2,515,12,2,2,502,160,67
204456,T.J. McConnell,45,24,21,0.533,17.3,113.6,114.0,-0.4,38.3,0.033,0.146,0.088,10.825,0.215,104.48,176,148,365,253,275,203,324,247,15,312,215,263,51,133,68
1626224,Cedi Osman,55,11,44,0.2,18.0,106.9,120.0,-13.1,20.5,0.021,0.138,0.077,7.86,0.154,104.35,6,310,534,465,261,395,491,481,177,402,255,331,51,346,69
1626167,Myles Turner,52,29,23,0.558,27.4,120.3,116.3,4.0,8.1,0.066,0.223,0.144,8.698,0.235,104.33,65,80,398,225,133,26,395,144,494,162,72,99,51,97,70
1627739,Kris Dunn,48,23,25,0.479,18.0,120.4,115.6,4.8,40.4,0.046,0.128,0.088,12.395,0.139,104.32,140,164,428,308,260,25,374,137,12,233,293,267,51,403,71
1626156,D'Angelo Russell,51,30,21,0.588,31.2,114.7,112.3,2.4,27.4,0.014,0.081,0.049,8.401,0.23,104.32,85,69,365,191,84,170,244,176,74,465,469,490,51,108,71
1629716,Marques Bolden,2,2,0,1.0,1.5,216.7,72.7,144.0,0.0,0.0,0.333,0.333,0.0,0.0,104.31,514,469,1,1,537,1,8,1,515,499,9,1,1,535,73
1641705,Victor Wembanyama,49,11,38,0.224,28.4,105.8,112.5,-6.6,12.9,0.082,0.299,0.191,14.01,0.32,104.22,128,310,520,458,123,426,255,385,397,113,16,35,51,9,74
203507,Giannis Antetokounmpo,54,34,20,0.63,35.0,119.5,113.0,6.5,19.1,0.082,0.267,0.177,10.381,0.328,104.22,19,32,354,130,23,37,270,99,222,115,32,47,51,5,74
1629631,De'Andre Hunter,31,14,17,0.452,28.4,117.8,120.7,-2.9,8.9,0.023,0.129,0.074,9.788,0.195,104.21,318,279,290,332,122,79,500,315,483,386,291,348,51,182,76
1630168,Onyeka Okongwu,53,23,30,0.434,25.8,117.2,117.6,-0.3,13.7,0.113,0.189,0.15,8.694,0.136,104.2,42,164,485,352,163,96,436,243,372,60,130,87,51,415,77
1631323,Simone Fontecchio,53,25,28,0.472,23.4,113.3,115.4,-2.1,14.4,0.048,0.12,0.084,9.475,0.156,104.17,42,136,462,314,197,215,368,296,359,219,327,297,51,343,78
1630587,Isaiah Livers,23,1,22,0.043,20.4,106.1,124.1,-17.9,15.2,0.034,0.084,0.058,9.702,0.126,104.09,358,491,381,519,228,417,516,505,329,296,458,441,51,454,79
1629020,Jarred Vanderbilt,29,14,15,0.483,20.0,113.6,109.0,4.7,18.6,0.083,0.188,0.137,14.445,0.115,104.08,331,279,235,302,236,203,125,139,235,112,132,113,51,484,80
1627749,Dejounte Murray,52,22,30,0.423,35.0,115.8,119.7,-3.9,19.9,0.02,0.141,0.078,8.55,0.248,104.07,65,188,485,360,20,141,486,341,196,412,243,328,51,73,81
201580,JaVale McGee,39,23,16,0.59,8.0,109.6,113.2,-3.6,7.8,0.131,0.266,0.199,17.23,0.219,104.06,244,164,258,189,427,327,287,330,498,35,35,27,502,128,82
1629111,Jock Landale,29,12,17,0.414,9.3,108.4,102.6,5.8,16.9,0.136,0.106,0.121,11.27,0.131,103.95,331,302,290,365,403,361,43,110,276,29,387,154,51,439,83
203926,Doug McDermott,49,12,37,0.245,15.1,108.1,119.8,-11.8,18.0,0.013,0.058,0.036,7.752,0.151,103.95,128,302,516,449,306,369,490,465,253,472,503,517,51,363,83
203110,Draymond Green,29,16,13,0.552,26.9,116.8,113.4,3.4,37.1,0.052,0.208,0.132,14.668,0.16,103.94,331,260,203,238,143,109,299,160,21,204,99,124,51,328,85
203076,Anthony Davis,52,29,23,0.558,35.7,114.1,113.5,0.6,14.7,0.098,0.273,0.189,7.89,0.266,103.94,65,80,398,225,11,191,306,214,347,77,27,39,51,48,85
1628995,Kevin Knox II,31,4,27,0.129,18.1,109.1,115.8,-6.7,9.6,0.034,0.126,0.076,9.141,0.162,103.92,318,437,453,501,259,348,383,388,473,298,302,332,51,317,87
1630174,Aaron Nesmith,51,29,22,0.569,27.1,119.0,116.8,2.2,11.7,0.041,0.125,0.083,8.112,0.167,103.91,85,80,381,213,141,43,411,182,425,259,310,300,51,288,88
1630649,Stanley Umude,17,2,15,0.118,11.2,109.1,116.0,-6.9,10.9,0.027,0.173,0.101,13.324,0.168,103.91,401,469,235,505,371,348,389,391,445,357,156,203,51,283,88
1630180,Saddiq Bey,54,23,31,0.426,32.5,117.9,119.7,-1.8,10.1,0.084,0.136,0.109,5.741,0.163,103.9,19,164,494,358,59,78,486,289,459,109,262,179,51,308,90
202083,Wesley Matthews,21,5,16,0.238,11.1,113.6,118.2,-4.6,17.7,0.018,0.113,0.065,8.179,0.111,103.9,376,424,258,450,375,203,450,349,257,428,360,402,51,494,90
1630170,Devin Vassell,50,11,39,0.22,31.7,105.8,114.4,-8.6,17.2,0.013,0.112,0.062,6.384,0.234,103.89,98,310,523,461,75,426,336,428,269,473,363,417,51,101,92
1630177,Theo Maledon,15,5,10,0.333,14.1,109.2,122.7,-13.6,23.0,0.019,0.11,0.061,14.803,0.18,103.87,423,424,152,410,326,344,510,487,134,424,369,423,51,238,93
203991,Clint Capela,47,21,26,0.447,25.7,113.8,118.4,-4.6,8.5,0.182,0.242,0.21,7.426,0.163,103.87,155,205,439,335,166,195,458,349,489,10,50,17,51,308,93
1630188,Jalen Smith,38,23,15,0.605,18.1,115.8,119.0,-3.2,11.1,0.098,0.255,0.175,8.828,0.189,103.87,253,164,235,165,255,141,472,326,441,78,42,50,51,203,93
1630699,MarJon Beauchamp,40,25,15,0.625,14.2,115.7,113.2,2.4,13.3,0.045,0.136,0.092,12.424,0.142,103.86,232,136,235,135,323,144,287,176,384,237,266,249,51,395,96
1629629,Cam Reddish,35,18,17,0.514,23.3,109.8,110.8,-1.1,15.6,0.026,0.087,0.057,9.926,0.134,103.86,280,241,290,265,198,320,188,266,314,358,452,446,51,422,96
1630200,Tre Jones,50,10,40,0.2,26.0,109.9,113.9,-4.0,37.1,0.029,0.103,0.066,9.025,0.158,103.85,98,330,526,465,160,315,322,342,20,339,400,398,51,334,98
1629012,Collin Sexton,56,26,30,0.464,24.6,116.4,118.1,-1.7,21.6,0.039,0.076,0.058,9.156,0.274,103.8,1,119,485,324,186,122,447,285,160,270,481,444,51,43,99
1628368,De'Aaron Fox,48,28,20,0.583,35.6,115.6,114.9,0.8,17.4,0.027,0.103,0.064,8.104,0.307,103.79,140,98,354,196,13,146,353,207,263,350,403,409,51,13,100
1627788,Furkan Korkmaz,35,22,13,0.629,8.6,116.3,111.4,4.9,20.9,0.014,0.098,0.055,8.347,0.131,103.77,280,188,203,131,417,125,205,133,170,464,416,458,51,439,101
1641708,Amen Thompson,35,13,22,0.371,19.2,108.3,112.1,-3.8,22.7,0.088,0.222,0.151,13.975,0.179,103.75,280,297,381,391,244,364,232,335,139,104,74,83,51,240,102
1628380,Zach Collins,43,8,35,0.186,24.2,104.8,117.6,-12.8,20.0,0.079,0.167,0.122,13.264,0.215,103.68,202,363,508,473,189,445,436,477,189,122,162,149,51,133,103
203109,Jae Crowder,25,12,13,0.48,24.7,109.4,117.9,-8.4,19.3,0.019,0.134,0.074,5.924,0.114,103.67,349,302,203,305,185,337,442,423,217,425,273,346,51,490,104
202722,Davis Bertans,18,14,4,0.778,7.1,119.5,111.4,8.1,18.5,0.019,0.096,0.059,1.678,0.161,103.67,393,279,66,28,448,37,205,78,240,422,424,436,1,323,104
1630231,KJ Martin,40,22,18,0.55,11.1,111.7,113.1,-1.4,16.5,0.038,0.126,0.082,12.403,0.133,103.66,232,188,320,240,372,262,275,278,292,280,300,312,51,429,106
1631108,Max Christie,43,22,21,0.512,17.2,110.6,109.8,0.8,15.6,0.016,0.14,0.083,11.261,0.137,103.65,202,188,365,270,280,293,146,207,312,451,251,307,51,411,107
1631466,Nate Williams,10,3,7,0.3,7.4,118.1,104.7,13.4,12.8,0.091,0.027,0.059,2.559,0.18,103.64,448,448,112,423,440,67,55,30,399,95,516,438,1,238,108
1629013,Landry Shamet,37,5,32,0.135,15.1,110.9,118.7,-7.8,14.9,0.026,0.073,0.048,7.28,0.203,103.61,257,424,497,499,305,286,470,413,339,360,485,491,51,160,109
1626192,Pat Connaughton,50,31,19,0.62,21.3,116.9,118.6,-1.7,28.3,0.034,0.142,0.088,9.228,0.099,103.61,98,52,335,145,219,107,467,285,67,300,241,270,51,513,109
1629232,Kaiser Gates,1,0,1,0.0,7.4,80.2,94.5,-14.2,0.0,0.0,0.1,0.05,0.0,0.22,103.58,529,520,13,520,435,525,24,490,515,499,412,487,1,126,111
203114,Khris Middleton,43,27,16,0.628,26.3,119.5,112.7,6.8,25.6,0.026,0.142,0.087,10.548,0.234,103.57,202,110,258,133,155,37,261,92,99,361,238,279,51,101,112
1630198,Isaiah Joe,50,34,16,0.68,18.6,117.8,108.6,9.2,13.4,0.025,0.116,0.072,7.191,0.164,103.56,98,32,258,80,248,79,114,62,383,369,347,362,51,303,113
1630163,LaMelo Ball,22,7,15,0.318,32.3,111.3,119.5,-8.1,24.2,0.042,0.14,0.088,11.405,0.324,103.56,368,382,235,420,62,272,483,418,116,253,249,269,51,7,113
203469,Cody Zeller,36,20,16,0.556,8.0,116.3,107.1,9.2,29.5,0.131,0.213,0.17,11.265,0.115,103.55,274,216,258,228,426,125,84,62,57,38,90,58,51,484,115
1641707,Taylor Hendricks,17,8,9,0.471,14.7,113.1,115.0,-2.0,7.9,0.07,0.143,0.107,14.775,0.153,103.52,401,363,135,317,316,223,359,293,496,145,228,186,51,350,116
1628983,Shai Gilgeous-Alexander,53,37,16,0.698,34.5,120.3,109.9,10.4,20.0,0.03,0.143,0.089,6.574,0.325,103.43,42,12,258,65,29,26,150,47,195,325,229,260,51,6,117
1631222,Jake LaRavia,11,1,10,0.091,11.1,101.2,113.7,-12.5,11.0,0.058,0.083,0.07,7.305,0.164,103.42,443,491,152,512,373,480,311,475,442,185,461,375,51,303,118
203992,Bogdan Bogdanovic,53,23,30,0.434,28.9,117.2,116.5,0.7,14.8,0.022,0.105,0.061,6.332,0.227,103.4,42,164,485,352,115,96,401,210,343,393,393,424,51,115,119
1626153,Delon Wright,33,6,27,0.182,13.8,106.9,112.0,-5.1,36.0,0.029,0.108,0.068,4.83,0.136,103.37,297,403,453,475,329,395,230,364,27,335,379,384,1,415,120
201939,Stephen Curry,50,27,23,0.54,33.5,117.0,117.1,-0.1,16.7,0.016,0.125,0.071,10.098,0.312,103.36,98,110,398,249,47,103,420,235,284,449,309,366,51,12,121
1629007,Jontay Porter,17,5,12,0.294,13.0,110.6,119.6,-8.9,26.0,0.084,0.198,0.139,8.675,0.165,103.33,401,424,184,426,344,293,485,434,94,111,114,112,51,297,122
1631110,Jeremy Sochan,55,11,44,0.2,29.4,105.3,115.0,-9.7,21.6,0.066,0.157,0.111,11.717,0.185,103.33,6,310,534,465,108,436,359,442,163,161,180,172,51,218,122
1628963,Marvin Bagley III,37,4,33,0.108,20.1,110.1,118.3,-8.2,9.9,0.133,0.184,0.158,11.057,0.214,103.3,257,437,502,509,234,309,452,419,465,34,137,79,51,137,124
203490,Otto Porter Jr.,15,6,9,0.4,11.6,110.3,109.2,1.2,18.1,0.038,0.146,0.092,4.513,0.086,103.25,423,403,135,372,363,304,130,202,250,277,217,248,1,524,125
1630227,Daishen Nix,10,8,2,0.8,3.5,134.8,107.9,26.9,8.4,0.0,0.038,0.016,4.209,0.26,103.22,448,363,33,18,507,6,98,11,491,499,510,524,1,55,126
1628374,Lauri Markkanen,46,21,25,0.457,32.8,118.3,116.9,1.4,8.8,0.078,0.209,0.143,6.078,0.244,103.22,168,205,428,328,55,62,414,196,487,126,97,103,51,82,126
1628962,Udoka Azubuike,14,10,4,0.714,7.7,111.8,119.3,-7.6,8.9,0.112,0.228,0.168,11.82,0.123,103.19,428,330,66,51,431,257,480,409,485,61,65,61,51,468,128
1631093,Jaden Ivey,50,8,42,0.16,27.7,111.0,118.5,-7.5,18.4,0.052,0.1,0.076,12.455,0.244,103.16,98,363,530,489,129,283,464,403,241,207,414,336,51,82,129
1630581,Josh Giddey,53,37,16,0.698,24.9,118.4,111.7,6.7,25.8,0.063,0.201,0.135,11.22,0.223,103.16,42,12,258,65,180,57,219,95,96,173,110,116,51,122,129
1630207,Nate Hinton,11,6,5,0.545,5.2,118.8,109.1,9.7,19.9,0.056,0.143,0.103,6.623,0.171,103.16,443,403,80,244,476,49,128,52,198,197,233,197,51,268,129
1630314,Brandon Williams,12,7,5,0.583,4.9,97.3,114.2,-16.9,28.7,0.045,0.07,0.056,7.17,0.214,103.15,438,382,80,196,483,498,332,502,63,242,490,452,51,137,132
1630577,Julian Champagnie,48,9,39,0.188,16.6,109.2,116.4,-7.2,15.8,0.034,0.131,0.081,9.428,0.148,103.14,140,349,523,470,287,344,398,396,311,302,282,314,51,373,133
201568,Danilo Gallinari,32,6,26,0.188,14.8,112.2,119.2,-7.0,17.6,0.033,0.189,0.109,5.324,0.184,103.12,308,403,439,470,314,244,479,394,259,308,131,180,51,221,134
1629060,Rui Hachimura,42,23,19,0.548,24.2,115.5,109.6,5.9,9.4,0.038,0.128,0.085,6.129,0.188,103.11,217,164,335,242,188,149,143,107,475,279,294,285,51,204,135
1630228,Jonathan Kuminga,52,26,26,0.5,25.6,115.1,111.7,3.4,11.6,0.057,0.139,0.099,9.997,0.24,103.11,65,119,439,274,170,159,219,160,427,190,252,214,51,88,135
1627752,Taurean Prince,53,28,25,0.528,30.1,112.6,116.4,-3.8,15.6,0.009,0.098,0.055,8.306,0.132,103.11,42,98,428,258,96,236,398,335,313,491,419,465,51,433,135
1641735,Amari Bailey,3,0,3,0.0,4.9,117.5,108.8,8.7,10.1,0.154,0.0,0.083,10.121,0.264,103.1,504,520,46,520,481,89,120,74,455,21,518,302,51,50,138
1631114,Jalen Williams,48,32,16,0.667,32.1,118.2,109.7,8.4,21.3,0.02,0.116,0.07,8.189,0.229,103.09,140,45,258,88,66,63,144,76,164,417,349,372,51,110,139
1628370,Malik Monk,53,31,22,0.585,25.9,113.5,116.4,-2.9,25.8,0.016,0.108,0.061,10.677,0.246,103.07,42,52,381,195,162,207,398,315,97,452,381,427,51,77,140
202681,Kyrie Irving,33,21,12,0.636,33.9,118.6,112.2,6.5,19.3,0.025,0.14,0.083,5.762,0.287,103.06,297,205,184,121,41,53,237,99,215,374,245,301,51,33,141
1626246,Boban Marjanovic,9,5,4,0.556,5.3,100.4,121.1,-20.7,13.5,0.14,0.364,0.253,6.748,0.22,103.04,457,424,66,228,475,486,506,512,380,23,7,6,51,126,142
1630559,Austin Reaves,56,30,26,0.536,31.1,113.2,114.7,-1.5,26.8,0.025,0.115,0.072,10.297,0.206,103.03,1,69,439,252,85,219,345,280,81,367,352,361,51,150,143
1628426,Sasha Vezenkov,35,18,17,0.514,12.6,112.8,113.0,-0.2,7.6,0.075,0.147,0.11,5.592,0.175,103.01,280,241,290,265,351,232,270,240,500,129,210,173,51,252,144
1631105,Jalen Duren,39,8,31,0.205,30.1,108.7,117.2,-8.5,16.6,0.121,0.313,0.216,12.692,0.175,103.01,244,363,494,464,97,356,424,426,290,51,13,12,51,252,144
201988,Patty Mills,19,9,10,0.474,10.6,106.3,117.0,-10.7,19.2,0.023,0.083,0.05,10.959,0.12,103.01,385,349,152,311,382,411,416,450,221,386,461,487,51,474,144
203957,Dante Exum,32,19,13,0.594,19.7,121.9,113.8,8.1,26.7,0.033,0.124,0.08,7.933,0.17,103.01,308,228,203,183,239,19,317,78,82,309,312,320,51,272,144
1629003,Shake Milton,41,27,14,0.659,13.3,106.1,110.0,-4.0,19.2,0.027,0.107,0.067,10.628,0.183,103.0,224,110,220,104,336,417,153,342,220,351,384,387,51,226,148
2544,LeBron James,49,26,23,0.531,34.9,113.7,112.3,1.5,24.8,0.029,0.19,0.114,10.36,0.29,102.98,128,119,398,256,25,200,244,194,110,333,128,166,51,30,149
1641724,Jett Howard,13,6,7,0.462,3.8,103.1,101.5,1.6,10.4,0.024,0.085,0.057,6.954,0.224,102.92,433,403,112,326,497,465,35,191,451,376,456,451,51,119,150
1630688,Ish Wainright,7,1,6,0.143,6.6,79.9,80.7,-0.8,0.0,0.0,0.2,0.089,5.03,0.181,102.9,472,491,100,493,454,527,10,260,515,499,113,259,51,236,151
1630702,Jaden Hardy,50,29,21,0.58,15.7,110.6,113.3,-2.8,16.2,0.02,0.123,0.07,7.524,0.235,102.89,98,80,365,200,299,293,292,310,294,413,316,373,51,97,152
203084,Harrison Barnes,54,31,23,0.574,29.9,113.8,116.3,-2.4,10.1,0.029,0.084,0.055,6.064,0.149,102.88,19,52,398,210,100,195,395,300,460,340,460,462,51,371,153
1630165,Killian Hayes,42,7,35,0.167,24.0,106.4,116.8,-10.4,36.5,0.012,0.122,0.066,9.091,0.152,102.88,217,382,508,483,192,407,411,449,25,483,323,399,51,356,153
201566,Russell Westbrook,53,36,17,0.679,23.2,117.0,113.1,4.0,26.2,0.072,0.186,0.129,11.967,0.24,102.87,42,18,290,82,199,103,275,144,91,140,136,130,51,88,155
1628385,Harry Giles III,16,6,10,0.375,5.1,120.1,125.8,-5.7,9.7,0.14,0.187,0.161,9.721,0.26,102.86,412,403,152,388,478,31,518,372,469,23,134,75,51,55,156
1627884,Derrick Jones Jr.,50,29,21,0.58,25.3,114.4,114.8,-0.4,10.2,0.049,0.109,0.078,9.445,0.151,102.84,98,80,365,200,175,184,348,247,453,215,377,326,51,363,157
203482,Kelly Olynyk,53,25,28,0.472,20.2,111.1,117.3,-6.2,35.5,0.073,0.202,0.14,13.303,0.158,102.82,42,136,462,314,232,278,428,378,28,136,109,109,51,334,158
1630604,E.J. Liddell,8,3,5,0.375,2.9,105.6,112.8,-7.2,10.1,0.0,0.238,0.119,20.243,0.164,102.81,467,448,80,388,523,432,264,396,455,499,53,158,502,303,159
1629029,Luka Doncic,47,29,18,0.617,37.5,118.0,114.4,3.5,23.2,0.022,0.236,0.13,9.642,0.36,102.81,155,80,320,151,2,72,336,158,130,391,56,127,51,4,159
203501,Tim Hardaway Jr.,52,31,21,0.596,29.7,116.5,117.1,-0.5,9.6,0.012,0.122,0.067,5.309,0.235,102.8,65,52,365,175,101,117,420,253,472,482,320,392,51,97,161
202691,Klay Thompson,50,24,26,0.48,30.6,115.5,117.5,-2.0,11.7,0.018,0.108,0.063,7.815,0.233,102.79,98,148,439,305,90,149,431,293,426,434,378,413,51,103,162
1629652,Luguentz Dort,52,35,17,0.673,28.5,120.3,111.4,8.9,12.1,0.046,0.103,0.076,8.321,0.152,102.78,65,26,290,87,121,26,205,67,413,229,404,334,51,356,163
204001,Kristaps Porzingis,40,31,9,0.775,29.5,119.2,107.9,11.2,10.2,0.06,0.178,0.123,8.869,0.246,102.76,232,52,135,32,105,42,98,38,454,181,146,146,51,77,164
1631096,Chet Holmgren,54,37,17,0.685,30.1,119.0,110.1,8.9,15.3,0.062,0.208,0.14,9.335,0.213,102.73,19,12,290,76,95,43,154,67,325,177,98,107,51,140,165
1631338,Mouhamadou Gueye,1,0,1,0.0,6.3,94.0,56.3,37.7,0.0,0.286,0.125,0.2,0.0,0.19,102.7,529,520,13,520,458,505,5,7,515,3,304,24,1,201,166
1629726,Garrison Mathews,39,17,22,0.436,12.6,112.5,116.5,-4.0,13.0,0.02,0.088,0.053,10.823,0.105,102.7,244,251,381,349,350,237,401,342,394,413,450,473,51,507,166
202066,Garrett Temple,16,4,12,0.25,4.3,104.4,115.7,-11.3,17.3,0.072,0.097,0.084,14.434,0.168,102.69,412,437,184,442,491,451,379,460,264,138,421,299,51,283,168
1631204,Marcus Sasser,49,7,42,0.143,16.4,112.0,118.4,-6.4,28.7,0.009,0.102,0.054,9.446,0.194,102.68,128,382,530,493,290,250,458,383,62,490,408,470,51,186,169
202693,Markieff Morris,17,9,8,0.529,9.2,101.8,114.8,-13.0,15.5,0.027,0.176,0.101,12.719,0.163,102.67,401,349,126,257,405,475,348,480,315,354,153,201,51,308,170
201565,Derrick Rose,21,6,15,0.286,17.3,103.3,106.3,-2.9,27.1,0.02,0.104,0.062,9.546,0.228,102.64,376,403,235,428,277,463,68,315,76,408,395,418,51,113,171
202711,Bojan Bogdanovic,30,3,27,0.1,32.6,111.2,123.7,-12.4,11.4,0.015,0.107,0.059,10.127,0.245,102.63,322,448,453,510,58,275,515,473,432,459,383,434,51,79,172
1641710,Anthony Black,50,26,24,0.52,18.1,105.9,108.7,-2.8,23.7,0.033,0.103,0.068,13.185,0.119,102.63,98,119,410,263,256,424,118,310,123,310,402,383,51,477,172
1629001,De'Anthony Melton,33,22,11,0.667,29.1,120.8,111.3,9.4,20.8,0.032,0.122,0.077,7.54,0.176,102.62,297,188,174,88,112,23,202,60,171,316,321,329,51,248,174
1641709,Ausar Thompson,54,8,46,0.148,24.0,106.4,113.0,-6.6,16.2,0.096,0.204,0.148,11.314,0.168,102.57,19,363,540,492,190,407,270,385,297,84,106,92,51,283,175
1626171,Bobby Portis,56,35,21,0.625,24.0,117.1,117.2,-0.1,8.4,0.078,0.248,0.163,7.347,0.215,102.56,1,26,365,135,193,101,424,235,490,125,47,73,51,133,176
1631104,Blake Wesley,34,8,26,0.235,13.0,106.4,115.7,-9.4,37.3,0.018,0.081,0.048,10.949,0.148,102.55,289,363,439,451,343,407,379,437,19,427,470,496,51,373,177
202692,Alec Burks,46,7,39,0.152,21.1,109.4,120.1,-10.7,11.6,0.02,0.118,0.067,6.021,0.237,102.54,168,382,523,491,223,337,494,450,430,416,342,394,51,92,178
1631106,Tari Eason,22,12,10,0.545,21.8,111.8,101.6,10.2,10.8,0.104,0.232,0.169,7.983,0.194,102.54,368,302,152,244,214,257,37,49,447,66,62,60,51,186,178
203939,Dwight Powell,47,28,19,0.596,15.4,117.2,113.4,3.7,31.4,0.123,0.155,0.139,12.042,0.093,102.54,155,98,335,176,302,96,299,152,45,49,187,110,51,519,178
1629162,Jordan McLaughlin,33,20,13,0.606,8.9,101.1,100.5,0.6,37.4,0.036,0.086,0.061,7.611,0.134,102.53,297,216,203,162,413,482,31,214,18,286,453,430,51,422,181
1629627,Zion Williamson,44,26,18,0.591,30.5,114.6,112.1,2.6,19.1,0.064,0.137,0.1,9.76,0.286,102.51,189,119,320,187,91,174,232,174,224,169,260,207,51,34,182
1628381,John Collins,52,24,28,0.462,27.8,113.0,121.6,-8.7,8.0,0.088,0.246,0.164,9.598,0.198,102.5,65,148,462,326,128,229,508,430,495,103,48,68,51,175,183
1629875,Xavier Moon,2,2,0,1.0,5.8,83.3,130.3,-47.0,50.0,0.0,0.222,0.105,16.667,0.12,102.48,514,469,1,1,467,523,527,531,3,499,73,189,502,474,184
203952,Andrew Wiggins,48,23,25,0.479,27.1,114.6,117.5,-2.9,11.2,0.065,0.109,0.087,8.478,0.204,102.47,140,164,428,308,139,174,431,315,439,165,373,273,51,156,185
1627759,Jaylen Brown,50,38,12,0.76,33.4,117.5,109.8,7.7,14.7,0.037,0.132,0.087,9.779,0.279,102.45,98,10,184,36,48,89,146,85,348,282,281,275,51,38,186
1641765,Olivier-Maxence Prosper,30,17,13,0.567,8.5,107.3,114.9,-7.5,17.3,0.065,0.181,0.119,4.547,0.147,102.45,322,251,203,217,420,386,353,403,266,163,141,160,1,379,186
1631099,Keegan Murray,50,29,21,0.58,32.5,114.3,113.7,0.6,10.9,0.042,0.146,0.093,5.523,0.181,102.45,98,80,365,200,61,188,311,214,444,255,214,243,51,236,186
1630209,Omer Yurtseven,30,13,17,0.433,9.1,101.2,115.1,-13.8,10.3,0.134,0.291,0.208,19.09,0.17,102.44,322,297,290,354,408,480,361,489,452,32,20,20,502,272,189
1630595,Cade Cunningham,44,4,40,0.091,34.0,107.3,118.6,-11.3,23.8,0.013,0.124,0.067,11.375,0.294,102.44,189,437,526,512,37,386,467,460,120,469,315,388,51,26,189
1641726,Dereck Lively II,37,23,14,0.622,25.7,120.1,112.2,7.9,14.8,0.126,0.204,0.166,12.965,0.124,102.42,257,164,220,143,165,31,237,82,342,47,108,64,51,464,191
1641711,Gradey Dick,34,12,22,0.353,15.3,107.0,115.8,-8.8,16.9,0.027,0.091,0.057,9.524,0.154,102.41,289,302,381,404,303,391,383,433,277,353,443,447,51,346,192
1630215,Jared Butler,18,2,16,0.111,7.2,113.7,117.8,-4.0,31.8,0.0,0.096,0.046,10.246,0.218,102.41,393,469,258,507,445,200,440,342,41,499,424,498,51,129,192
1629614,Andrew Nembhard,42,25,17,0.595,22.9,116.5,114.4,2.0,31.9,0.028,0.061,0.045,11.78,0.184,102.39,217,136,290,177,205,117,336,185,40,341,501,499,51,221,194
1628401,Derrick White,51,41,10,0.804,32.3,119.7,107.0,12.7,24.8,0.023,0.101,0.064,8.527,0.192,102.39,85,3,152,17,64,34,80,34,109,389,409,408,51,197,194
201142,Kevin Durant,48,28,20,0.583,37.0,118.1,112.6,5.5,18.5,0.018,0.177,0.103,10.531,0.29,102.38,140,98,354,196,5,67,258,115,238,429,151,194,51,30,196
1641729,Brice Sensabaugh,6,3,3,0.5,2.7,105.6,102.4,3.2,14.9,0.063,0.167,0.118,7.44,0.285,102.37,479,448,46,274,526,432,40,166,338,175,163,162,51,35,197
203954,Joel Embiid,34,26,8,0.765,34.0,118.8,109.2,9.7,15.4,0.088,0.27,0.182,10.077,0.392,102.36,289,119,126,35,36,49,130,52,319,105,31,44,51,3,198
1626158,Richaun Holmes,25,9,16,0.36,10.4,105.1,113.6,-8.5,15.2,0.126,0.215,0.166,11.403,0.142,102.34,349,349,258,400,387,442,308,426,327,46,87,65,51,395,199
1630182,Josh Green,42,25,17,0.595,27.3,116.1,115.7,0.5,23.0,0.026,0.107,0.067,9.677,0.135,102.34,217,136,290,177,134,129,379,219,135,362,386,391,51,420,199
1629669,Jaylen Nowell,9,3,6,0.333,17.3,107.2,107.3,-0.1,20.7,0.021,0.08,0.049,6.467,0.167,102.33,457,448,100,410,273,389,90,235,175,407,473,489,51,288,201
1628989,Kevin Huerter,52,30,22,0.577,25.0,116.3,114.6,1.7,20.4,0.027,0.139,0.082,6.052,0.175,102.28,65,69,381,206,177,125,344,189,180,349,253,309,51,252,202
1628972,Troy Brown Jr.,40,28,12,0.7,11.5,110.5,110.5,0.0,19.3,0.037,0.156,0.099,9.38,0.153,102.27,232,98,184,62,367,299,170,232,217,281,186,218,51,350,203
1630541,Moses Moody,39,20,19,0.513,17.3,111.1,110.6,0.6,9.6,0.067,0.115,0.091,8.085,0.183,102.27,244,216,335,269,276,278,177,214,471,155,354,254,51,226,203
1630217,Desmond Bane,37,14,23,0.378,34.5,106.1,112.7,-6.6,18.6,0.029,0.118,0.072,9.405,0.283,102.25,257,279,398,387,30,417,261,385,232,338,333,355,51,36,205
1628467,Maxi Kleber,19,11,8,0.579,21.6,117.0,115.2,1.8,24.0,0.046,0.146,0.097,13.003,0.119,102.25,385,310,126,203,217,103,364,186,117,232,213,229,51,477,205
203903,Jordan Clarkson,46,20,26,0.435,30.2,113.1,119.0,-5.9,20.2,0.035,0.089,0.062,11.401,0.264,102.24,168,216,439,350,94,223,472,374,187,288,446,419,51,50,207
203925,Joe Harris,16,4,12,0.25,10.6,107.4,120.8,-13.4,18.6,0.02,0.066,0.043,7.424,0.109,102.24,412,437,184,442,383,382,502,484,236,418,493,505,51,497,207
1629630,Ja Morant,9,6,3,0.667,35.3,109.9,109.7,0.2,24.5,0.021,0.153,0.088,9.056,0.305,102.22,457,403,46,88,17,315,144,228,114,397,196,266,51,15,209
1627734,Domantas Sabonis,54,31,23,0.574,35.7,114.8,115.5,-0.7,31.0,0.101,0.326,0.211,12.395,0.222,102.19,19,52,398,210,12,167,370,257,49,71,11,16,51,123,210
1631197,Jared Rhoden,6,1,5,0.167,7.1,131.1,114.5,16.7,21.2,0.042,0.114,0.085,15.89,0.156,102.18,479,491,80,483,449,9,339,23,166,256,357,291,502,343,211
1626181,Norman Powell,53,36,17,0.679,25.2,117.8,110.6,7.2,7.8,0.007,0.104,0.057,6.885,0.194,102.15,42,18,290,82,176,79,177,88,497,496,396,450,51,186,212
1630534,Ochai Agbaji,54,25,29,0.463,19.4,109.6,115.9,-6.3,13.5,0.04,0.093,0.067,10.189,0.126,102.14,19,136,474,325,242,327,386,379,381,268,438,389,51,454,213
203488,Mike Muscala,37,8,29,0.216,13.8,109.0,116.5,-7.5,16.9,0.067,0.155,0.11,9.204,0.138,102.14,257,363,474,462,330,351,401,403,279,157,192,175,51,406,213
1641718,Keyonte George,50,22,28,0.44,24.9,109.9,117.4,-7.5,25.2,0.012,0.11,0.062,11.607,0.214,102.13,98,188,462,344,181,315,429,403,102,480,370,422,51,137,215
1626168,Trey Lyles,39,23,16,0.59,20.1,117.7,112.5,5.2,15.3,0.056,0.197,0.129,7.8,0.142,102.12,244,164,258,189,235,85,255,124,324,194,115,131,51,395,216
1631218,Trayce Jackson-Davis,40,21,19,0.525,12.8,117.3,111.1,6.2,14.8,0.127,0.2,0.164,10.372,0.173,102.12,232,205,335,259,347,92,198,105,345,44,112,71,51,260,216
1629022,Lonnie Walker IV,34,15,19,0.441,18.1,117.7,113.3,4.4,12.9,0.017,0.112,0.064,8.532,0.247,102.11,289,270,335,343,257,85,292,141,395,442,364,407,51,75,218
1629599,Amir Coffey,41,31,10,0.756,17.9,118.4,117.9,0.4,13.5,0.022,0.085,0.054,6.98,0.115,102.09,224,52,152,38,262,57,442,222,378,390,457,467,51,484,219
1631102,TyTy Washington Jr.,5,3,2,0.6,4.1,78.3,92.9,-14.5,10.0,0.0,0.056,0.025,20.0,0.188,102.06,487,448,33,168,494,530,22,492,461,499,506,521,502,204,220
1628977,Hamidou Diallo,2,1,1,0.5,2.4,78.7,57.1,21.6,25.0,0.2,0.0,0.133,25.0,0.194,102.06,514,491,13,274,531,529,6,15,104,7,518,120,534,186,220
1626174,Christian Wood,50,28,22,0.56,17.4,110.5,108.6,1.8,12.1,0.055,0.257,0.164,12.365,0.179,102.03,98,98,381,220,271,299,114,186,410,199,41,70,51,240,222
1628988,Aaron Holiday,51,23,28,0.451,17.9,110.6,107.0,3.6,21.6,0.018,0.093,0.055,8.999,0.161,102.01,85,164,462,333,263,293,80,154,162,437,436,457,51,323,223
1629684,Grant Williams,50,27,23,0.54,26.7,113.3,114.5,-1.3,16.6,0.041,0.121,0.08,11.035,0.143,102.0,98,110,398,249,148,215,339,273,291,260,324,319,51,392,224
201949,James Johnson,5,2,3,0.4,4.9,131.2,116.7,14.4,41.7,0.043,0.176,0.1,16.667,0.115,101.99,487,469,46,372,485,8,408,28,10,248,152,210,502,484,225
1630703,Scoot Henderson,43,14,29,0.326,27.0,105.8,117.7,-11.9,22.4,0.035,0.094,0.062,14.109,0.253,101.97,202,279,474,418,142,426,439,467,143,291,432,416,51,65,226
201577,Robin Lopez,16,10,6,0.625,4.0,101.8,114.0,-12.2,15.5,0.048,0.038,0.043,7.728,0.148,101.95,412,330,100,135,495,475,324,470,318,218,512,503,51,373,227
1628464,Daniel Theis,40,30,10,0.75,16.8,116.5,113.5,2.9,14.5,0.097,0.143,0.12,9.821,0.152,101.95,232,69,152,39,284,117,306,169,352,80,232,155,51,356,227
1628373,Frank Ntilikina,5,0,5,0.0,8.6,116.5,121.7,-5.2,26.9,0.023,0.125,0.071,6.72,0.109,101.95,487,520,80,520,416,117,509,366,80,386,304,363,51,497,227
1631200,Kris Murray,34,6,28,0.176,13.1,102.1,109.0,-6.9,13.8,0.052,0.124,0.085,11.375,0.134,101.94,289,403,462,478,341,471,125,391,370,206,314,286,51,422,230
1630591,Jalen Suggs,50,26,24,0.52,26.9,109.5,112.0,-2.5,16.1,0.03,0.115,0.071,12.517,0.199,101.92,98,119,410,263,145,334,230,304,300,327,350,370,51,173,231
1626162,Kelly Oubre Jr.,42,26,16,0.619,29.0,114.8,115.6,-0.7,7.5,0.044,0.127,0.085,5.726,0.198,101.88,217,119,258,148,113,167,374,257,501,245,297,292,51,175,232
1629216,Gabe Vincent,5,2,3,0.4,25.5,100.8,103.4,-2.6,30.1,0.017,0.026,0.021,4.01,0.118,101.85,487,469,46,372,172,483,48,306,54,441,517,523,1,480,233
1630184,Kira Lewis Jr.,18,9,9,0.5,8.3,100.7,103.1,-2.4,23.3,0.026,0.063,0.044,9.32,0.188,101.84,393,349,135,274,421,484,47,300,127,363,498,502,51,204,234
1641748,Andre Jackson Jr.,45,28,17,0.622,11.0,117.3,120.2,-3.0,27.8,0.084,0.129,0.107,13.562,0.098,101.83,176,98,290,142,376,92,495,321,73,110,289,185,51,514,235
1630643,Jay Huff,8,5,3,0.625,2.7,90.9,107.2,-16.2,11.1,0.0,0.3,0.103,11.111,0.166,101.81,467,424,46,135,525,515,87,496,440,499,15,195,51,293,236
203552,Seth Curry,39,24,15,0.615,13.1,112.0,105.7,6.4,15.0,0.034,0.085,0.06,7.481,0.161,101.8,244,148,235,153,339,250,61,102,335,297,455,432,51,323,237
1630191,Isaiah Stewart,35,5,30,0.143,30.6,109.5,114.5,-5.0,13.6,0.066,0.18,0.123,12.047,0.153,101.75,280,424,485,493,89,334,339,360,375,160,142,145,51,350,238
201569,Eric Gordon,47,29,18,0.617,29.7,116.6,111.7,4.9,16.1,0.013,0.066,0.042,9.112,0.172,101.75,155,80,320,151,103,115,219,133,302,476,492,508,51,265,238
1628991,Jaren Jackson Jr.,51,18,33,0.353,31.8,105.2,110.7,-5.6,8.8,0.039,0.154,0.094,9.755,0.302,101.75,85,241,502,404,70,439,181,370,488,274,194,238,51,20,238
1629659,Talen Horton-Tucker,36,10,26,0.278,20.2,112.3,114.8,-2.5,25.2,0.025,0.105,0.065,9.637,0.241,101.74,274,330,439,433,233,243,348,304,103,366,392,400,51,87,241
1629637,Jaxson Hayes,45,25,20,0.556,11.0,108.9,112.7,-3.8,13.2,0.079,0.142,0.113,13.843,0.123,101.73,176,136,354,228,378,354,261,335,389,120,240,167,51,468,242
1627783,Pascal Siakam,54,22,32,0.407,34.3,116.1,114.8,1.3,19.4,0.05,0.161,0.105,8.006,0.251,101.72,19,188,497,371,32,129,348,199,212,211,174,190,51,66,243
1626166,Cameron Payne,51,32,19,0.627,15.8,116.1,115.5,0.6,28.6,0.013,0.082,0.048,7.584,0.171,101.71,85,45,335,134,295,129,370,214,66,479,466,492,51,268,244
1628960,Grayson Allen,49,30,19,0.612,32.9,119.0,114.3,4.7,23.0,0.024,0.109,0.069,9.75,0.14,101.71,128,69,335,156,54,43,334,139,133,378,374,377,51,400,244
1630256,Jae'Sean Tate,51,23,28,0.451,17.5,110.9,105.4,5.5,18.9,0.063,0.142,0.102,7.717,0.111,101.7,85,164,462,333,270,286,59,115,227,174,239,199,51,494,246
1629023,P.J. Washington,47,12,35,0.255,29.2,109.6,117.1,-7.5,13.7,0.042,0.163,0.1,9.416,0.204,101.68,155,302,508,441,110,327,420,403,374,252,170,209,51,156,247
1629626,Bol Bol,18,13,5,0.722,8.8,113.9,106.8,7.1,13.5,0.094,0.216,0.163,13.505,0.156,101.68,393,297,80,46,414,193,77,90,379,89,85,74,51,343,247
1631223,David Roddy,49,16,33,0.327,22.9,103.4,113.4,-10.1,13.8,0.048,0.155,0.1,10.009,0.182,101.66,128,260,502,416,204,461,299,445,368,217,188,213,51,233,249
202709,Cory Joseph,26,10,16,0.385,11.4,115.4,117.2,-1.8,34.7,0.021,0.094,0.056,9.911,0.112,101.66,347,330,258,384,368,151,424,289,29,398,431,454,51,492,249
1626220,Royce O'Neale,52,22,30,0.423,24.4,112.1,110.5,1.6,26.5,0.034,0.169,0.101,9.619,0.136,101.65,65,188,485,360,187,246,170,191,85,305,160,205,51,415,251
1629057,Robert Williams III,6,2,4,0.333,19.8,102.2,113.3,-11.1,11.9,0.089,0.265,0.168,16.683,0.13,101.62,479,469,66,410,238,469,292,456,418,100,36,62,502,447,252
203994,Jusuf Nurkic,52,33,19,0.635,27.2,119.8,110.9,8.9,23.1,0.115,0.299,0.213,12.934,0.194,101.62,65,37,335,124,136,33,189,67,132,57,17,15,51,186,252
1631101,Shaedon Sharpe,32,8,24,0.25,33.1,103.6,114.0,-10.3,14.4,0.042,0.135,0.085,11.037,0.224,101.61,308,363,410,442,53,459,324,447,356,256,269,290,51,119,254
1629006,Josh Okogie,49,31,18,0.633,17.6,112.1,110.3,1.8,17.9,0.086,0.093,0.09,8.801,0.125,101.61,128,52,320,127,269,246,159,186,255,106,435,255,51,460,254
1630611,Gui Santos,12,8,4,0.667,9.1,114.6,111.1,3.5,14.4,0.115,0.177,0.147,6.173,0.151,101.59,438,363,66,88,407,174,198,158,358,56,150,93,51,363,256
1630560,Cam Thomas,45,16,29,0.356,29.7,110.4,116.7,-6.3,10.9,0.013,0.095,0.052,7.571,0.303,101.59,176,260,474,403,102,302,408,379,443,478,426,478,51,17,256
1627732,Ben Simmons,12,6,6,0.5,25.7,113.3,113.4,-0.1,45.0,0.09,0.259,0.173,14.438,0.133,101.58,438,403,100,274,167,215,299,235,6,96,40,52,51,429,258
202330,Gordon Hayward,25,7,18,0.28,31.9,111.1,118.3,-7.3,23.2,0.034,0.131,0.081,10.207,0.205,101.57,349,382,320,431,69,278,452,399,131,299,286,315,51,154,259
1630567,Scottie Barnes,55,19,36,0.345,35.2,111.7,115.1,-3.4,22.6,0.071,0.188,0.128,10.28,0.247,101.56,6,228,513,408,19,262,361,327,140,142,133,133,51,75,260
1631117,Walker Kessler,48,24,24,0.5,23.4,112.0,113.1,-1.1,10.5,0.124,0.212,0.171,12.25,0.134,101.55,140,148,410,274,196,250,275,266,450,48,91,57,51,422,261
1630240,Saben Lee,13,8,5,0.615,7.7,109.4,99.8,9.6,21.6,0.065,0.135,0.104,10.809,0.225,101.54,433,363,80,153,430,337,28,54,159,166,267,192,51,116,262
1641764,Brandin Podziemski,47,23,24,0.489,26.4,118.4,112.8,5.6,27.4,0.063,0.173,0.119,8.983,0.163,101.48,155,164,410,296,153,57,264,113,75,170,157,159,51,308,263
202699,Tobias Harris,48,31,17,0.646,34.0,118.5,112.2,6.3,17.1,0.035,0.162,0.098,7.43,0.204,101.48,140,52,290,117,40,55,237,103,273,293,173,219,51,156,263
1641717,Cason Wallace,54,37,17,0.685,20.7,115.6,110.5,5.1,18.5,0.033,0.084,0.059,6.436,0.125,101.46,19,12,290,76,225,146,170,125,237,313,459,435,51,460,265
1630533,Ziaire Williams,46,20,26,0.435,19.3,102.4,113.3,-10.9,14.4,0.035,0.155,0.093,12.153,0.201,101.46,168,216,439,350,243,468,292,452,355,292,190,241,51,166,265
203078,Bradley Beal,30,19,11,0.633,32.6,116.2,113.1,3.1,19.9,0.031,0.116,0.076,10.749,0.242,101.46,322,228,174,125,57,128,275,168,197,317,348,333,51,86,265
1627747,Caris LeVert,43,28,15,0.651,27.5,115.2,110.5,4.8,22.5,0.022,0.124,0.073,7.591,0.237,101.44,202,98,235,112,131,156,170,137,141,394,313,351,51,92,268
1641720,Jalen Hood-Schifino,17,8,9,0.471,5.7,92.7,113.3,-20.6,13.1,0.022,0.098,0.059,13.106,0.236,101.43,401,363,135,317,469,509,292,511,390,395,420,433,51,96,269
1627863,Danuel House Jr.,34,21,13,0.618,15.0,109.8,108.5,1.3,16.3,0.033,0.09,0.061,11.031,0.12,101.43,289,205,203,150,307,320,112,199,293,307,445,429,51,474,269
204060,Joe Ingles,41,25,16,0.61,17.3,115.0,112.4,2.6,38.0,0.026,0.141,0.084,11.151,0.124,101.41,224,136,258,161,274,160,251,174,16,359,242,295,51,464,271
1629678,Admiral Schofield,13,7,6,0.538,3.8,106.7,91.8,14.9,19.3,0.021,0.149,0.085,15.456,0.195,101.39,433,382,100,251,498,400,20,26,214,399,206,288,502,182,272
1629628,RJ Barrett,45,21,24,0.467,31.3,113.1,116.1,-3.0,13.3,0.033,0.159,0.095,8.809,0.259,101.39,176,205,410,321,82,223,391,321,386,311,175,232,51,59,272
1630205,Lamar Stevens,22,17,5,0.773,9.0,105.5,102.1,3.4,9.5,0.074,0.175,0.127,13.233,0.209,101.37,368,251,80,33,409,434,39,160,474,133,154,134,51,144,274
1627885,Shaquille Harrison,3,1,2,0.333,2.0,50.0,128.8,-78.8,0.0,0.0,0.5,0.2,0.0,0.167,101.36,504,491,33,410,535,534,524,536,515,499,2,24,1,288,275
1630641,Ibou Badji,17,4,13,0.235,11.7,94.5,114.0,-19.5,25.8,0.104,0.179,0.139,27.778,0.081,101.32,401,437,203,451,362,503,324,510,95,68,144,111,534,527,276
1631120,JD Davison,2,2,0,1.0,2.8,93.5,84.2,9.4,0.0,0.167,0.111,0.133,0.0,0.137,101.31,514,469,1,1,524,507,12,60,515,12,366,120,1,411,277
1630596,Evan Mobley,30,20,10,0.667,31.2,110.8,107.0,3.8,16.1,0.088,0.252,0.174,11.318,0.202,101.31,322,216,152,88,83,289,80,149,299,102,43,51,51,163,277
1631124,Julian Strawther,35,22,13,0.629,13.9,105.7,117.5,-11.8,15.2,0.008,0.109,0.057,6.439,0.196,101.31,280,188,203,131,328,430,431,465,330,493,372,449,51,180,277
1631246,Vince Williams Jr.,44,16,28,0.364,26.6,107.8,110.6,-2.8,23.6,0.048,0.194,0.118,11.449,0.151,101.29,189,260,462,397,150,378,177,310,125,222,124,161,51,363,280
1631311,Lester Quinones,19,11,8,0.579,12.9,113.4,107.9,5.5,20.5,0.057,0.138,0.098,9.843,0.162,101.26,385,310,126,203,346,211,98,115,179,188,255,222,51,317,281
1631109,Mark Williams,19,7,12,0.368,26.8,114.7,114.0,0.7,10.1,0.155,0.235,0.194,7.792,0.163,101.25,385,382,184,393,146,170,324,210,458,20,58,31,51,308,282
1629642,Nassir Little,32,20,12,0.625,13.1,106.3,111.3,-5.0,13.0,0.037,0.14,0.09,8.916,0.131,101.24,308,216,184,135,342,411,202,360,393,283,247,257,51,439,283
1626164,Devin Booker,45,29,16,0.644,35.5,119.6,112.8,6.8,22.0,0.024,0.119,0.074,8.027,0.302,101.23,176,80,258,118,14,36,264,92,150,379,332,340,51,20,284
1629680,Matisse Thybulle,52,14,38,0.269,23.0,108.1,114.9,-6.7,18.5,0.021,0.078,0.048,7.959,0.103,101.21,65,279,520,439,202,369,353,388,239,405,477,494,51,509,285
1630214,Xavier Tillman,34,14,20,0.412,20.6,102.1,108.4,-6.3,17.9,0.082,0.166,0.122,9.122,0.16,101.2,289,279,354,366,227,471,109,379,254,114,168,153,51,328,286
1628981,Bruno Fernando,18,8,10,0.444,9.0,112.0,116.7,-4.8,8.8,0.11,0.27,0.19,10.101,0.191,101.2,393,363,152,336,410,250,408,353,486,63,30,36,51,199,286
1641722,Jordan Hawkins,48,29,19,0.604,20.2,114.5,114.7,-0.2,12.0,0.029,0.117,0.072,7.091,0.196,101.19,140,80,335,167,231,181,345,240,415,337,344,358,51,180,288
1626204,Larry Nance Jr.,37,21,16,0.568,18.6,112.5,106.9,5.6,24.3,0.082,0.228,0.155,11.723,0.115,101.16,257,205,258,215,249,237,79,113,115,117,66,80,51,484,289
1628378,Donovan Mitchell,44,30,14,0.682,35.4,116.4,105.0,11.4,19.2,0.03,0.133,0.083,8.495,0.319,101.15,189,69,220,78,15,122,57,36,219,330,276,306,51,10,290
1630178,Tyrese Maxey,49,32,17,0.653,37.2,118.1,113.0,5.1,21.1,0.017,0.092,0.055,5.494,0.276,101.14,128,45,290,110,3,67,270,125,167,444,440,464,51,39,291
101108,Chris Paul,32,16,16,0.5,27.6,115.7,109.8,5.9,43.3,0.012,0.135,0.074,7.15,0.146,101.13,308,260,258,274,130,144,146,107,8,481,271,344,51,383,292
1630224,Jalen Green,54,24,30,0.444,30.6,110.0,112.9,-2.9,14.9,0.015,0.155,0.085,9.66,0.272,101.12,19,148,485,336,88,311,268,315,337,463,191,284,51,47,293
201587,Nicolas Batum,34,22,12,0.647,24.9,121.4,112.1,9.2,32.5,0.056,0.114,0.086,8.744,0.082,101.11,289,188,184,116,182,20,232,62,37,196,358,281,51,526,294
1629685,Dylan Windler,8,5,3,0.625,3.5,116.7,95.6,21.1,31.3,0.0,0.094,0.054,0.0,0.179,101.1,467,424,46,135,509,112,25,16,46,499,433,471,1,240,295
1629622,Max Strus,53,36,17,0.679,32.3,114.9,106.1,8.8,22.5,0.029,0.136,0.083,8.829,0.169,101.09,42,18,290,82,63,163,66,72,142,336,265,304,51,279,296
1629675,Naz Reid,55,39,16,0.709,22.5,111.6,102.8,8.9,8.4,0.045,0.178,0.115,9.736,0.218,101.08,6,5,258,54,208,266,45,67,492,236,145,165,51,129,297
1641763,Julian Phillips,30,14,16,0.467,6.6,108.2,109.1,-0.9,12.3,0.031,0.075,0.052,10.796,0.122,101.05,322,279,258,321,451,367,128,263,404,322,483,480,51,471,298
1641721,Maxwell Lewis,19,8,11,0.421,3.7,84.5,110.9,-26.3,15.0,0.015,0.027,0.022,25.0,0.106,101.02,385,363,174,363,501,522,189,520,333,453,515,522,534,505,299
202687,Bismack Biyombo,30,14,16,0.467,23.9,108.5,113.4,-4.9,22.3,0.09,0.206,0.148,16.649,0.106,101.0,322,279,258,321,194,359,299,358,146,99,102,90,502,505,300
1628415,Dillon Brooks,45,20,25,0.444,31.4,111.0,111.0,0.0,10.5,0.028,0.093,0.061,9.222,0.19,101.0,176,216,428,336,80,283,196,232,449,344,434,428,51,201,300
203937,Kyle Anderson,55,39,16,0.709,21.8,109.8,105.8,4.0,36.4,0.044,0.135,0.092,11.093,0.141,101.0,6,5,258,54,213,320,64,144,26,247,270,251,51,399,300
1630230,Naji Marshall,44,28,16,0.636,18.5,118.7,108.8,9.9,20.3,0.06,0.148,0.105,11.459,0.178,100.97,189,98,258,121,250,51,120,51,183,180,209,191,51,245,303
203493,Reggie Bullock Jr.,22,11,11,0.5,9.4,109.1,116.5,-7.4,16.0,0.016,0.158,0.087,8.008,0.108,100.94,368,310,174,274,401,348,401,402,304,450,177,274,51,500,304
201145,Jeff Green,52,23,29,0.442,16.9,110.3,110.7,-0.4,12.0,0.039,0.105,0.073,10.839,0.152,100.91,65,164,474,341,282,304,181,247,417,272,390,354,51,356,305
1631172,Ousmane Dieng,29,17,12,0.586,11.2,110.3,107.9,2.3,20.0,0.034,0.131,0.083,10.32,0.166,100.9,331,251,184,193,370,304,98,178,194,303,285,308,51,293,306
1641739,Toumani Camara,53,15,38,0.283,23.6,104.6,112.2,-7.5,11.3,0.078,0.146,0.11,13.264,0.138,100.9,42,270,520,430,195,446,237,403,434,124,212,177,51,406,306
203967,Dario Saric,51,26,25,0.51,19.1,113.8,114.9,-1.1,21.6,0.074,0.219,0.146,10.632,0.194,100.89,85,119,428,272,246,195,353,266,161,132,77,96,51,186,308
1629018,Gary Trent Jr.,50,18,32,0.36,26.3,113.1,116.9,-3.8,11.6,0.01,0.088,0.048,5.479,0.185,100.85,98,241,497,400,156,223,414,335,428,488,451,495,51,218,309
1628369,Jayson Tatum,52,41,11,0.788,35.8,119.3,108.6,10.7,16.1,0.028,0.219,0.128,8.409,0.303,100.85,65,3,174,23,10,41,114,41,301,343,78,132,51,17,309
1630532,Franz Wagner,47,27,20,0.574,33.3,110.3,107.1,3.2,16.7,0.038,0.157,0.097,8.04,0.263,100.81,155,110,354,209,52,304,84,166,286,278,182,226,51,53,311
1627751,Jakob Poeltl,44,17,27,0.386,26.7,111.8,113.7,-1.9,19.3,0.118,0.239,0.178,13.366,0.159,100.81,189,251,453,383,147,257,311,291,216,54,52,45,51,332,311
1630556,Kessler Edwards,36,22,14,0.611,4.9,103.5,108.4,-4.9,14.3,0.028,0.152,0.085,1.593,0.131,100.77,274,188,220,157,482,460,109,358,360,342,199,283,1,439,313
1626172,Kevon Looney,53,27,26,0.509,18.1,114.6,117.5,-2.8,31.7,0.136,0.249,0.192,10.855,0.108,100.77,42,110,439,273,258,174,431,310,42,30,46,34,51,500,313
1630529,Herbert Jones,50,31,19,0.62,28.7,116.0,110.3,5.7,19.6,0.046,0.1,0.073,9.968,0.152,100.77,98,52,335,145,118,134,159,111,206,230,413,350,51,356,313
1629667,Jalen McDaniels,33,9,24,0.273,8.9,104.6,112.2,-7.6,11.4,0.031,0.123,0.075,12.097,0.188,100.76,297,349,410,436,411,446,237,409,431,324,318,339,51,204,316
202397,Ish Smith,43,6,37,0.14,17.2,101.8,118.6,-16.8,41.2,0.015,0.109,0.057,13.361,0.122,100.76,202,403,516,497,278,475,467,500,11,455,375,445,51,471,316
1631119,Jaylin Williams,46,32,14,0.696,12.4,115.3,108.7,6.7,25.5,0.048,0.239,0.144,7.531,0.137,100.74,168,45,220,67,355,153,118,95,101,223,51,101,51,411,318
1641730,Noah Clowney,7,3,4,0.429,9.9,110.7,129.8,-19.1,20.2,0.094,0.149,0.117,10.121,0.146,100.72,472,448,66,355,397,291,526,508,184,89,206,163,51,383,319
203486,Mason Plumlee,23,16,7,0.696,17.6,118.0,113.2,4.9,18.7,0.099,0.264,0.186,10.296,0.137,100.71,358,260,112,67,268,72,287,133,231,75,37,41,51,411,320
1628392,Isaiah Hartenstein,50,31,19,0.62,25.6,117.8,110.7,7.2,23.2,0.151,0.227,0.189,13.577,0.109,100.7,98,52,335,145,169,79,181,88,129,22,69,38,51,497,321
1629723,John Konchar,44,14,30,0.318,19.4,103.2,111.6,-8.4,28.8,0.063,0.195,0.124,10.695,0.098,100.7,189,279,485,420,241,464,217,423,61,172,121,140,51,514,321
1631094,Paolo Banchero,55,30,25,0.545,35.0,110.0,111.5,-1.5,18.0,0.036,0.194,0.113,10.279,0.294,100.7,6,69,428,244,22,311,213,280,252,287,123,170,51,26,321
1629731,Dean Wade,44,31,13,0.705,21.1,114.4,101.4,13.0,13.8,0.039,0.18,0.11,7.298,0.104,100.67,189,52,203,59,222,184,34,32,369,271,143,174,51,508,324
1630631,Jose Alvarado,37,24,13,0.649,16.6,117.0,104.1,12.9,20.4,0.025,0.119,0.072,7.605,0.183,100.66,257,148,203,115,286,103,51,33,181,370,329,360,51,226,325
1630549,Day'Ron Sharpe,39,16,23,0.41,15.7,115.2,109.5,5.7,16.8,0.193,0.273,0.234,11.695,0.188,100.64,244,260,398,369,297,156,138,111,282,9,28,8,51,204,326
1629021,Moritz Wagner,53,29,24,0.547,18.4,112.8,111.2,1.6,11.2,0.099,0.189,0.144,11.165,0.225,100.62,42,80,410,243,252,232,200,191,438,76,129,100,51,116,327
1641706,Brandon Miller,48,11,37,0.229,31.4,109.5,118.4,-8.9,12.1,0.03,0.119,0.073,9.017,0.23,100.61,140,310,516,455,81,334,458,434,411,328,331,353,51,108,328
1628386,Jarrett Allen,48,34,14,0.708,30.7,116.4,107.5,8.9,17.2,0.131,0.251,0.192,11.004,0.188,100.59,140,32,220,57,86,122,94,67,268,37,44,32,51,204,329
1630527,Brandon Boston Jr.,16,11,5,0.688,7.4,105.5,122.9,-17.4,6.8,0.058,0.076,0.066,6.823,0.244,100.59,412,310,80,72,436,434,513,503,507,185,482,397,51,82,329
203468,CJ McCollum,41,27,14,0.659,32.1,116.0,112.3,3.6,20.9,0.02,0.132,0.076,7.264,0.235,100.58,224,110,220,104,65,134,244,154,169,419,280,335,51,97,331
1627763,Malcolm Brogdon,39,15,24,0.385,28.7,109.7,113.1,-3.4,26.1,0.027,0.123,0.074,7.308,0.232,100.57,244,270,410,384,117,324,275,327,92,352,317,347,51,106,332
1630201,Malachi Flynn,47,24,23,0.511,11.6,107.4,111.4,-4.0,26.9,0.024,0.125,0.071,12.265,0.166,100.57,155,148,398,271,364,382,205,342,78,377,308,363,51,293,332
1628449,Chris Boucher,46,15,31,0.326,13.9,115.8,112.4,3.3,6.8,0.093,0.227,0.159,7.843,0.173,100.57,168,270,494,417,327,141,251,164,508,91,68,77,51,260,332
1630558,Davion Mitchell,44,26,18,0.591,13.2,107.4,115.1,-7.7,27.8,0.013,0.078,0.045,9.259,0.147,100.56,189,119,320,187,338,382,361,412,72,470,476,500,51,379,335
1628384,OG Anunoby,41,23,18,0.561,34.2,116.0,107.0,9.0,13.9,0.031,0.101,0.067,9.254,0.176,100.54,224,164,320,219,34,134,80,66,367,318,411,393,51,248,336
1630550,JT Thor,43,10,33,0.233,13.4,106.7,113.0,-6.3,9.8,0.067,0.14,0.101,6.369,0.116,100.53,202,330,502,453,334,400,270,379,466,156,246,204,51,483,337
1630171,Isaac Okoro,44,30,14,0.682,26.2,113.2,106.3,6.9,18.4,0.049,0.082,0.065,7.627,0.138,100.52,189,69,220,78,157,219,68,91,243,214,467,401,51,406,338
1631112,Kendall Brown,5,3,2,0.6,4.0,92.1,108.9,-16.8,18.8,0.095,0.0,0.057,0.0,0.172,100.49,487,448,33,168,496,511,123,500,229,87,518,448,1,265,339
1630578,Alperen Sengun,53,24,29,0.453,32.5,112.1,111.7,0.4,19.7,0.091,0.212,0.152,10.052,0.273,100.48,42,148,474,331,60,246,219,222,201,94,92,82,51,45,340
1631230,Dominick Barlow,23,3,20,0.13,13.3,113.2,118.0,-4.8,20.0,0.109,0.193,0.148,3.847,0.144,100.48,358,448,354,500,335,219,445,353,190,64,125,89,1,389,340
1641871,Duop Reath,40,11,29,0.275,17.4,110.6,116.2,-5.6,12.0,0.09,0.167,0.126,8.005,0.201,100.47,232,310,474,434,272,293,393,370,416,98,161,137,51,166,342
1629234,Drew Eubanks,49,27,22,0.551,16.0,107.7,111.9,-4.2,15.2,0.1,0.195,0.15,15.567,0.142,100.47,128,110,381,239,292,379,227,348,326,74,119,84,502,395,342
1630526,Jeremiah Robinson-Earl,21,11,10,0.524,10.0,107.9,115.5,-7.6,12.2,0.079,0.172,0.126,10.997,0.146,100.44,376,310,152,260,393,375,370,409,406,122,158,135,51,383,344
1630538,Bones Hyland,19,11,8,0.579,13.2,106.3,112.1,-5.8,18.2,0.013,0.062,0.037,12.688,0.254,100.43,385,310,126,203,337,411,232,373,248,471,500,515,51,64,345
1628970,Miles Bridges,43,10,33,0.233,37.0,107.9,119.3,-11.5,13.9,0.026,0.201,0.109,8.009,0.248,100.43,202,330,502,453,4,375,480,464,365,365,111,181,51,73,345
201950,Jrue Holiday,50,39,11,0.78,33.3,118.9,110.3,8.6,26.9,0.045,0.137,0.094,10.484,0.17,100.41,98,5,174,27,51,47,159,75,77,234,258,240,51,272,347
1629139,Yuta Watanabe,31,18,13,0.581,13.5,108.1,113.6,-5.5,8.2,0.03,0.093,0.063,11.596,0.139,100.4,318,241,203,199,333,369,308,369,493,329,439,414,51,403,348
1628969,Mikal Bridges,54,21,33,0.389,35.2,111.8,114.1,-2.4,14.8,0.025,0.126,0.074,8.952,0.258,100.39,19,205,502,382,18,257,330,300,340,375,298,345,51,60,349
203924,Jerami Grant,47,15,32,0.319,34.0,106.1,115.6,-9.5,11.4,0.024,0.103,0.062,8.629,0.265,100.39,155,270,497,419,39,417,374,439,433,381,398,420,51,49,349
1631257,Jermaine Samuels Jr.,11,6,5,0.545,4.8,109.2,122.8,-13.6,14.4,0.043,0.205,0.122,0.0,0.096,100.37,443,403,80,244,486,344,511,487,356,248,105,147,1,517,351
1628379,Luke Kennard,27,10,17,0.37,24.7,106.3,114.5,-8.2,23.8,0.015,0.123,0.067,8.538,0.17,100.37,344,330,290,392,184,411,339,419,118,458,319,390,51,272,351
1629052,Oshae Brissett,36,29,7,0.806,11.1,117.2,110.5,6.6,17.8,0.094,0.174,0.134,6.753,0.14,100.36,274,80,112,16,374,96,170,98,256,88,155,117,51,400,353
203944,Julius Randle,46,29,17,0.63,35.4,116.8,113.2,3.6,16.9,0.069,0.219,0.145,11.718,0.291,100.35,168,80,290,129,16,109,287,154,278,149,76,97,51,28,354
1630696,Dru Smith,9,7,2,0.778,14.5,98.0,110.4,-12.4,26.5,0.045,0.066,0.055,9.455,0.13,100.35,457,382,33,28,320,494,166,473,86,234,496,461,51,447,354
1630537,Chris Duarte,37,22,15,0.595,12.8,111.9,115.5,-3.6,16.6,0.035,0.124,0.078,10.393,0.146,100.34,257,188,235,180,348,254,370,330,287,295,311,327,51,383,356
1630194,Paul Reed,54,32,22,0.593,17.7,115.0,114.5,0.5,16.1,0.131,0.216,0.172,9.051,0.152,100.34,19,45,381,184,265,160,339,219,298,36,84,55,51,356,356
203458,Alex Len,22,10,12,0.455,8.3,119.7,100.3,19.4,28.0,0.158,0.236,0.196,17.812,0.131,100.32,368,330,184,329,422,34,30,18,68,17,57,30,502,439,358
1630193,Immanuel Quickley,50,22,28,0.44,27.2,113.5,113.1,0.4,20.6,0.011,0.118,0.064,6.06,0.233,100.32,98,188,462,344,137,207,275,222,176,485,334,406,51,103,358
1631123,Jamaree Bouyea,6,0,6,0.0,9.5,80.1,102.7,-22.6,21.6,0.031,0.178,0.092,21.622,0.207,100.32,479,520,100,520,399,526,44,517,158,319,147,250,502,148,358
203915,Spencer Dinwiddie,50,21,29,0.42,30.7,114.3,114.9,-0.6,31.5,0.018,0.095,0.055,7.069,0.183,100.32,98,205,474,364,87,188,353,255,43,437,429,460,51,226,358
1627742,Brandon Ingram,51,30,21,0.588,33.3,115.6,111.9,3.7,21.7,0.025,0.145,0.085,9.32,0.274,100.3,85,69,365,191,50,146,227,152,156,371,225,287,51,43,362
1630700,Dyson Daniels,52,30,22,0.577,21.9,117.3,110.5,6.7,29.2,0.05,0.137,0.094,11.159,0.126,100.3,65,69,381,206,212,92,170,95,59,210,259,239,51,454,362
1629026,Kenrich Williams,43,31,12,0.721,14.9,118.9,107.5,11.4,23.0,0.063,0.148,0.108,6.683,0.128,100.3,202,52,184,48,309,47,94,36,136,175,208,183,51,451,362
201976,Patrick Beverley,51,29,22,0.569,19.2,109.3,109.2,0.1,31.1,0.034,0.136,0.084,10.918,0.15,100.29,85,80,381,213,245,342,130,230,48,304,264,296,51,367,365
1629636,Darius Garland,29,19,10,0.655,31.8,113.5,109.5,3.9,23.7,0.018,0.061,0.04,12.964,0.26,100.29,331,228,152,106,71,207,138,147,122,436,502,514,51,55,365
1630181,R.J. Hampton,8,3,5,0.375,9.5,114.9,107.2,7.7,30.9,0.031,0.051,0.042,11.592,0.101,100.29,467,448,80,388,400,163,87,85,50,319,507,506,51,510,365
1631095,Jabari Smith Jr.,49,23,26,0.469,31.6,110.9,112.6,-1.7,10.0,0.068,0.217,0.143,8.842,0.176,100.28,128,164,439,319,77,286,258,285,463,153,81,102,51,248,368
1641713,GG Jackson,23,7,16,0.304,19.4,106.4,107.9,-1.5,6.9,0.055,0.14,0.097,7.992,0.237,100.24,358,382,258,422,240,407,98,280,506,198,250,225,51,92,369
1628365,Markelle Fultz,21,11,10,0.524,24.0,109.7,107.4,2.3,27.8,0.064,0.105,0.084,8.663,0.171,100.24,376,310,152,260,191,324,91,178,71,168,391,298,51,268,369
1627832,Fred VanVleet,47,23,24,0.489,36.7,112.2,108.6,3.6,33.3,0.011,0.099,0.055,6.491,0.194,100.24,155,164,410,296,6,244,114,154,35,484,415,459,51,186,369
203471,Dennis Schroder,54,19,35,0.352,30.3,113.9,115.6,-1.7,30.6,0.015,0.088,0.051,8.28,0.198,100.24,19,228,508,406,92,193,374,285,51,457,449,482,51,175,369
203914,Gary Harris,33,20,13,0.606,22.5,113.3,111.5,1.7,21.2,0.029,0.056,0.043,6.591,0.126,100.22,297,216,203,162,207,215,213,189,165,331,504,504,51,454,373
1629002,Chimezie Metu,37,22,15,0.595,12.1,111.3,113.4,-2.1,9.7,0.07,0.217,0.148,13.852,0.175,100.21,257,188,235,180,358,272,299,296,468,147,82,91,51,252,374
1631133,Jabari Walker,50,14,36,0.28,22.2,106.3,117.6,-11.3,8.9,0.095,0.249,0.167,10.17,0.16,100.2,98,279,513,431,211,411,436,460,484,86,45,63,51,328,375
203200,Justin Holiday,32,17,15,0.531,14.8,113.4,112.3,1.1,22.4,0.014,0.091,0.05,5.604,0.101,100.2,308,251,235,254,315,211,244,205,145,466,444,486,51,510,375
1629638,Nickeil Alexander-Walker,55,39,16,0.709,23.1,113.1,105.3,7.9,26.2,0.02,0.072,0.048,9.93,0.138,100.16,6,5,258,54,201,223,58,82,90,409,486,493,51,406,377
1631165,Keon Ellis,33,20,13,0.606,11.5,117.1,114.8,2.3,24.9,0.028,0.098,0.063,11.149,0.132,100.13,297,216,203,162,366,101,348,178,107,345,417,412,51,433,378
1628372,Dennis Smith Jr.,38,14,24,0.368,20.0,110.0,111.3,-1.3,32.4,0.058,0.134,0.095,10.02,0.182,100.12,253,279,410,393,237,311,202,273,38,184,275,234,51,233,379
1630530,Trey Murphy III,30,19,11,0.633,25.8,116.5,106.4,10.1,12.7,0.021,0.135,0.079,3.893,0.188,100.11,322,228,174,125,164,117,71,50,400,396,268,324,1,204,380
1627777,Georges Niang,53,36,17,0.679,21.7,113.7,111.5,2.2,12.1,0.018,0.166,0.094,7.742,0.177,100.1,42,18,290,82,215,200,213,182,412,432,167,237,51,247,381
1630531,Jaden Springer,32,17,15,0.531,11.8,109.9,116.0,-6.1,18.0,0.071,0.103,0.086,13.405,0.182,100.09,308,251,235,254,361,315,389,377,251,143,401,280,51,233,382
202695,Kawhi Leonard,48,33,15,0.688,34.3,118.5,108.1,10.5,15.3,0.042,0.155,0.101,6.696,0.262,100.08,140,37,235,72,33,55,106,46,323,254,189,202,51,54,383
1630598,Aaron Wiggins,51,36,15,0.706,14.3,116.0,110.7,5.3,15.8,0.057,0.125,0.092,9.246,0.157,100.08,85,18,235,58,321,134,181,121,308,189,303,244,51,340,383
1641712,Rayan Rupert,16,2,14,0.125,7.4,98.8,106.7,-7.8,17.3,0.056,0.144,0.095,9.446,0.183,100.07,412,469,220,502,438,490,76,413,265,195,226,236,51,226,385
1629308,Juan Toscano-Anderson,11,7,4,0.636,4.8,102.2,104.5,-2.4,22.2,0.075,0.182,0.13,11.111,0.112,100.06,443,382,66,121,487,469,54,300,148,128,139,129,51,492,386
202331,Paul George,50,33,17,0.66,33.7,120.8,110.1,10.6,14.8,0.02,0.156,0.091,8.237,0.273,100.02,98,37,290,103,44,23,154,42,344,421,183,252,51,45,387
1629639,Tyler Herro,35,18,17,0.514,33.7,111.3,111.8,-0.4,17.2,0.016,0.157,0.085,8.447,0.276,100.01,280,241,290,265,45,272,225,247,267,448,179,282,51,39,388
1630296,Braxton Key,15,10,5,0.667,3.4,102.6,106.3,-3.7,30.0,0.07,0.231,0.146,3.754,0.168,100.01,423,330,80,88,511,466,68,332,55,146,64,94,1,283,388
1641998,Trey Jemison,9,1,8,0.111,15.7,102.1,118.4,-16.4,12.7,0.123,0.138,0.13,16.34,0.148,99.95,457,491,126,507,298,471,458,497,401,50,255,126,502,373,390
1630162,Anthony Edwards,52,37,15,0.712,35.0,116.6,105.7,10.9,17.1,0.021,0.142,0.087,10.588,0.321,99.93,65,12,235,53,21,115,61,40,272,401,237,276,51,8,391
201143,Al Horford,45,35,10,0.778,27.2,118.6,107.9,10.6,28.8,0.052,0.207,0.134,7.369,0.114,99.93,176,26,152,28,138,53,98,42,60,205,100,119,51,490,391
1628978,Donte DiVincenzo,54,33,21,0.611,25.0,116.8,115.6,1.2,16.7,0.033,0.115,0.074,7.907,0.208,99.91,19,37,365,157,178,109,374,202,285,306,351,342,51,147,393
1631170,Jaime Jaquez Jr.,49,29,20,0.592,29.5,112.9,110.6,2.3,16.7,0.047,0.103,0.075,10.945,0.193,99.88,128,80,354,186,106,231,177,178,283,227,397,337,51,196,394
1630583,Santi Aldama,44,18,26,0.409,24.8,104.4,110.9,-6.5,16.9,0.048,0.204,0.122,8.344,0.191,99.87,189,241,439,370,183,451,189,384,280,225,107,148,51,199,395
1630208,Nick Richards,45,8,37,0.178,25.9,106.3,119.7,-13.4,9.7,0.111,0.244,0.175,12.526,0.133,99.85,176,363,516,477,161,411,486,484,470,62,49,49,51,429,396
1629014,Anfernee Simons,31,7,24,0.226,33.5,108.1,120.2,-12.1,18.9,0.015,0.11,0.059,9.349,0.29,99.83,318,382,410,457,46,369,495,469,228,456,371,437,51,30,397
1628418,Thomas Bryant,25,14,11,0.56,10.4,110.6,115.9,-5.3,12.9,0.108,0.235,0.17,12.856,0.173,99.83,349,279,174,220,389,293,386,367,398,65,58,59,51,260,397
1629048,Goga Bitadze,46,23,23,0.5,18.2,110.4,109.0,1.4,21.7,0.128,0.214,0.171,10.535,0.125,99.83,168,164,398,274,254,302,125,196,155,41,88,56,51,460,397
1628964,Mo Bamba,32,18,14,0.563,10.6,110.3,110.7,-0.4,12.1,0.137,0.238,0.186,14.672,0.173,99.83,308,241,220,218,384,304,181,247,409,26,54,40,51,260,397
1629651,Nic Claxton,44,16,28,0.364,29.4,108.3,114.3,-6.0,14.8,0.101,0.275,0.184,9.105,0.162,99.81,189,260,462,397,107,364,334,375,341,70,25,43,51,317,401
202685,Jonas Valanciunas,55,33,22,0.6,25.5,117.6,113.8,3.8,16.2,0.119,0.298,0.21,9.544,0.206,99.78,6,37,381,168,171,88,317,149,295,53,18,18,51,150,402
202694,Marcus Morris Sr.,37,22,15,0.595,17.2,111.7,113.3,-1.6,9.8,0.03,0.165,0.095,7.147,0.162,99.74,257,188,235,180,279,262,292,283,467,325,169,233,51,317,403
1628998,Cody Martin,22,5,17,0.227,26.3,107.2,118.2,-11.0,25.7,0.031,0.136,0.082,12.014,0.164,99.71,368,424,290,456,154,389,450,453,98,323,261,310,51,303,404
1628420,Monte Morris,9,5,4,0.556,12.6,109.2,112.1,-2.9,22.0,0.02,0.151,0.082,4.391,0.207,99.7,457,424,66,228,349,344,232,315,151,420,202,311,1,148,405
201959,Taj Gibson,16,7,9,0.438,10.3,104.6,111.4,-6.9,23.8,0.069,0.125,0.097,13.2,0.079,99.7,412,382,135,347,390,446,205,391,121,148,304,227,51,528,405
201567,Kevin Love,44,23,21,0.523,17.6,114.9,109.5,5.4,21.8,0.064,0.34,0.198,7.557,0.205,99.65,189,164,365,262,267,163,138,119,153,167,8,28,51,154,407
1626157,Karl-Anthony Towns,54,38,16,0.704,32.7,115.3,107.9,7.4,12.4,0.054,0.233,0.149,12.165,0.275,99.63,19,10,258,60,56,153,98,87,403,200,61,88,51,42,408
1626179,Terry Rozier,40,11,29,0.275,34.1,109.6,120.6,-11.0,23.6,0.021,0.118,0.067,7.074,0.264,99.59,232,310,474,434,35,327,499,453,124,403,341,396,51,50,409
1630573,Sam Hauser,54,43,11,0.796,21.5,117.8,108.3,9.5,12.2,0.032,0.127,0.081,6.096,0.138,99.54,19,1,174,22,218,79,107,56,407,315,295,316,51,406,410
1641877,Nathan Mensah,25,3,22,0.12,12.3,94.2,115.9,-21.8,16.0,0.098,0.145,0.119,24.876,0.068,99.52,349,448,381,504,357,504,386,516,305,79,221,157,502,531,411
203648,Thanasis Antetokounmpo,23,15,8,0.652,4.6,108.7,109.5,-0.8,27.9,0.068,0.038,0.051,23.256,0.134,99.49,358,270,126,111,490,356,138,260,69,150,510,483,502,422,412
1630197,Aleksej Pokusevski,10,8,2,0.8,6.0,97.6,131.9,-34.2,19.4,0.036,0.167,0.097,11.646,0.149,99.4,448,363,33,18,462,496,529,526,213,284,163,228,51,371,413
203999,Nikola Jokic,53,35,18,0.66,33.8,119.4,111.4,8.0,27.9,0.101,0.297,0.202,9.182,0.296,99.38,42,26,320,101,43,40,205,80,70,69,19,22,51,25,414
1630219,Skylar Mays,29,10,19,0.345,14.2,102.6,117.4,-14.8,31.5,0.025,0.095,0.056,7.211,0.186,99.37,331,330,335,409,322,466,429,494,44,372,428,453,51,215,415
1630235,Trent Forrest,20,10,10,0.5,10.5,104.9,120.8,-15.9,40.2,0.024,0.122,0.068,10.536,0.126,99.37,381,330,152,274,385,444,502,495,13,382,321,385,51,454,415
1630241,Sam Merrill,37,27,10,0.73,15.6,113.0,110.3,2.7,18.7,0.028,0.102,0.065,3.669,0.184,99.36,257,110,152,45,300,229,159,172,230,348,407,403,1,221,417
1629028,Deandre Ayton,37,10,27,0.27,31.7,106.7,114.7,-8.0,10.9,0.104,0.271,0.185,11.234,0.188,99.34,257,330,453,437,74,400,345,417,446,67,29,42,51,204,418
1627936,Alex Caruso,47,23,24,0.489,27.1,111.2,107.8,3.4,23.6,0.04,0.12,0.079,11.522,0.15,99.32,155,164,410,296,140,275,96,160,126,264,328,322,51,367,419
1631121,Bryce McGowens,43,8,35,0.186,16.4,105.3,118.1,-12.8,14.8,0.023,0.111,0.065,9.222,0.146,99.32,202,363,508,473,291,436,447,477,346,385,368,405,51,383,419
1631288,Jamal Cain,16,7,9,0.438,14.1,105.3,109.9,-4.6,4.5,0.063,0.101,0.081,5.674,0.163,99.3,412,382,135,347,325,436,150,349,513,171,410,317,51,308,421
1626196,Josh Richardson,43,24,19,0.558,25.6,108.4,112.4,-4.0,20.5,0.019,0.108,0.063,7.035,0.165,99.3,202,148,335,223,168,361,251,342,178,426,380,411,51,297,421
1628973,Jalen Brunson,52,32,20,0.615,35.9,118.0,113.7,4.3,20.2,0.018,0.102,0.06,7.401,0.3,99.29,65,45,354,153,9,72,311,142,185,433,406,431,51,22,423
203496,Robert Covington,29,20,9,0.69,16.8,114.7,103.5,11.1,16.6,0.073,0.143,0.11,7.616,0.107,99.29,331,216,135,70,283,170,49,39,288,135,230,176,51,503,423
1629010,Jerome Robinson,9,7,2,0.778,3.3,122.4,105.4,16.9,14.7,0.032,0.08,0.054,0.0,0.161,99.29,457,382,33,28,512,16,59,21,349,314,471,471,1,323,423
1641753,Chris Livingston,15,9,6,0.6,4.1,122.8,119.1,3.8,18.3,0.044,0.218,0.14,13.711,0.133,99.28,423,349,100,168,493,15,475,149,245,243,79,108,51,429,426
1628975,Jevon Carter,52,25,27,0.481,13.7,108.2,109.5,-1.3,16.6,0.008,0.056,0.031,7.898,0.186,99.26,65,136,453,304,332,367,138,273,289,495,505,518,51,215,427
1627827,Dorian Finney-Smith,45,18,27,0.4,28.1,111.7,113.7,-2.0,13.9,0.06,0.118,0.088,7.4,0.136,99.24,176,241,453,372,126,262,311,293,364,179,335,268,51,415,428
200782,P.J. Tucker,15,6,9,0.4,15.9,111.5,109.4,2.1,24.8,0.075,0.126,0.1,12.376,0.045,99.24,423,403,135,372,294,268,136,184,111,130,299,206,51,533,428
201935,James Harden,48,33,15,0.688,34.6,121.0,110.7,10.3,34.2,0.015,0.146,0.084,10.35,0.206,99.22,140,37,235,72,27,22,181,48,31,461,211,294,51,150,430
1630570,Trendon Watford,38,14,24,0.368,12.1,115.9,116.1,-0.2,20.8,0.077,0.171,0.123,9.843,0.192,99.17,253,279,410,393,359,138,391,240,172,127,159,143,51,197,431
203995,Vasilije Micic,33,26,7,0.788,13.0,118.2,101.3,16.9,36.8,0.006,0.071,0.041,13.719,0.169,99.14,297,119,112,24,345,63,33,21,23,498,488,510,51,279,432
1641734,Emoni Bates,10,6,4,0.6,7.6,92.8,126.9,-34.2,18.2,0.015,0.134,0.074,3.041,0.159,99.12,448,403,66,168,433,508,520,526,246,462,272,341,1,332,433
1629661,Cameron Johnson,41,15,26,0.366,28.2,112.8,115.8,-3.0,17.0,0.038,0.144,0.088,6.348,0.194,99.11,224,270,439,396,124,232,383,321,275,276,227,262,51,186,434
1631260,AJ Green,36,24,12,0.667,9.3,118.4,113.1,5.3,14.0,0.022,0.103,0.065,2.675,0.172,99.1,274,148,184,88,402,57,275,121,362,392,399,404,1,265,435
202704,Reggie Jackson,55,36,19,0.655,23.1,112.4,113.6,-1.2,26.0,0.021,0.079,0.051,8.556,0.212,99.09,6,18,335,108,200,241,308,270,93,406,474,483,51,141,436
1629130,Duncan Robinson,50,28,22,0.56,27.4,111.6,110.9,0.7,19.0,0.009,0.092,0.05,9.016,0.194,99.08,98,98,381,220,132,266,189,210,226,492,441,485,51,186,437
1630175,Cole Anthony,54,30,24,0.556,23.0,111.2,109.8,1.4,19.5,0.045,0.162,0.103,11.275,0.238,99.07,19,69,410,228,203,275,146,196,209,238,172,196,51,91,438
203484,Kentavious Caldwell-Pope,50,34,16,0.68,31.9,120.2,110.7,9.5,19.4,0.015,0.066,0.041,8.206,0.131,99.07,98,32,258,80,68,29,181,56,211,454,494,509,51,439,438
1641738,Kobe Brown,32,23,9,0.719,8.7,113.4,120.7,-7.3,19.6,0.039,0.145,0.089,8.057,0.108,99.06,308,164,135,49,415,211,500,399,207,275,219,258,51,500,440
1627826,Ivica Zubac,43,28,15,0.651,26.5,117.3,108.9,8.4,11.3,0.137,0.259,0.201,10.081,0.165,99.02,202,98,235,112,152,92,123,76,435,27,39,23,51,297,441
1629312,Haywood Highsmith,40,23,17,0.575,21.2,109.3,110.4,-1.0,15.0,0.044,0.111,0.077,8.915,0.125,99.0,232,164,290,208,221,342,166,265,334,246,367,329,51,460,442
200768,Kyle Lowry,37,21,16,0.568,28.0,111.8,110.3,1.5,31.9,0.027,0.121,0.072,11.51,0.134,98.99,257,205,258,215,127,257,159,194,39,356,325,357,51,422,443
1629650,Moses Brown,9,2,7,0.222,9.1,96.8,120.8,-24.0,7.0,0.225,0.378,0.299,13.908,0.135,98.99,457,469,112,459,406,499,502,519,505,5,5,3,51,420,443
203932,Aaron Gordon,49,31,18,0.633,31.7,117.5,111.7,5.9,19.1,0.089,0.145,0.117,8.655,0.176,98.99,128,52,320,127,72,89,219,107,223,101,220,164,51,248,443
1628976,Wendell Carter Jr.,29,14,15,0.483,26.2,111.1,110.2,0.8,13.5,0.079,0.214,0.146,10.004,0.171,98.98,331,279,235,302,158,278,157,207,376,121,89,95,51,268,446
1631128,Christian Braun,55,36,19,0.655,19.0,106.7,111.5,-4.7,16.2,0.046,0.15,0.098,7.665,0.163,98.97,6,18,335,108,247,400,213,352,296,231,205,220,51,308,447
202710,Jimmy Butler,37,19,18,0.514,33.9,115.3,111.2,4.1,19.8,0.068,0.117,0.092,7.325,0.245,98.95,257,228,320,268,42,153,200,143,200,154,343,245,51,79,448
1631115,Orlando Robinson,24,13,11,0.542,10.0,111.0,110.1,0.9,23.8,0.095,0.232,0.164,12.328,0.158,98.95,356,297,174,248,394,283,154,206,119,85,63,69,51,334,448
1630183,Jaden McDaniels,45,31,14,0.689,28.7,115.9,108.0,8.0,11.3,0.035,0.071,0.054,10.895,0.161,98.95,176,52,220,71,119,138,105,80,436,294,487,466,51,323,448
203897,Zach LaVine,25,10,15,0.4,34.9,109.0,113.8,-4.8,17.2,0.01,0.153,0.081,9.102,0.244,98.94,349,330,235,372,26,351,317,353,270,487,197,313,51,82,451
201144,Mike Conley,50,37,13,0.74,28.9,114.4,104.8,9.6,40.1,0.017,0.093,0.058,6.604,0.148,98.86,98,12,203,42,116,184,56,54,14,445,437,443,51,373,452
1630625,Dalano Banton,27,18,9,0.667,8.9,105.7,109.4,-3.7,18.6,0.057,0.133,0.096,12.649,0.188,98.86,344,241,135,88,412,430,136,332,233,187,276,231,51,204,452
1630592,Jalen Wilson,16,3,13,0.188,14.6,114.6,122.8,-8.2,21.7,0.086,0.126,0.104,4.331,0.13,98.82,412,448,203,470,318,174,511,419,157,107,301,193,1,447,454
1630678,Terry Taylor,18,8,10,0.444,7.3,113.6,104.1,9.5,14.5,0.115,0.102,0.108,16.892,0.118,98.81,393,363,152,336,443,203,51,56,353,58,405,182,502,480,455
1628371,Jonathan Isaac,37,23,14,0.622,14.8,113.2,101.0,12.2,7.2,0.097,0.228,0.164,8.42,0.175,98.81,257,164,220,143,313,219,32,35,503,82,67,72,51,252,455
1630692,Jordan Goodwin,42,25,17,0.595,14.6,108.0,109.2,-1.2,24.5,0.08,0.143,0.113,9.051,0.183,98.8,217,136,290,177,319,374,130,270,112,119,231,169,51,226,457
1629717,Armoni Brooks,10,3,7,0.3,10.4,125.8,115.2,10.6,9.1,0.068,0.106,0.087,5.466,0.195,98.77,448,448,112,423,388,12,364,42,481,151,388,277,51,182,458
202696,Nikola Vucevic,50,24,26,0.48,34.4,111.9,112.6,-0.7,16.0,0.085,0.262,0.172,6.823,0.233,98.77,98,148,439,305,31,254,258,257,306,108,38,54,51,103,458
1630245,Ayo Dosunmu,53,26,27,0.491,25.5,111.5,112.5,-0.9,19.7,0.027,0.083,0.054,9.349,0.162,98.74,42,119,453,295,174,268,255,263,204,355,464,468,51,317,460
1629008,Michael Porter Jr.,54,36,18,0.667,31.6,117.8,112.3,5.5,9.0,0.047,0.195,0.122,6.778,0.2,98.73,19,18,320,88,76,79,244,115,482,228,118,152,51,170,461
1631107,Nikola Jovic,22,10,12,0.455,16.6,115.2,105.7,9.5,23.3,0.052,0.216,0.136,11.63,0.167,98.72,368,330,184,329,288,156,61,56,128,208,86,114,51,288,462
202684,Tristan Thompson,36,24,12,0.667,12.4,118.4,112.2,6.1,22.9,0.159,0.196,0.178,13.182,0.132,98.7,274,148,184,88,354,57,237,106,137,16,117,46,51,433,463
1630322,Lindy Waters III,23,16,7,0.696,7.3,104.5,113.1,-8.7,17.6,0.006,0.143,0.074,5.882,0.148,98.7,358,260,112,67,442,450,275,430,258,497,233,349,51,373,463
1631212,Peyton Watson,53,35,18,0.66,18.3,110.5,111.6,-1.1,13.2,0.041,0.13,0.087,8.658,0.165,98.7,42,26,320,101,253,299,217,266,387,261,288,272,51,297,463
1628389,Bam Adebayo,45,25,20,0.556,34.6,109.6,109.2,0.4,17.2,0.073,0.276,0.172,9.945,0.26,98.66,176,136,354,228,28,327,130,222,271,137,24,53,51,55,466
1631221,Collin Gillespie,18,11,7,0.611,7.6,106.0,114.2,-8.2,19.6,0.008,0.077,0.04,16.372,0.16,98.61,393,310,112,157,432,422,332,419,205,494,478,513,502,328,467
1628997,Caleb Martin,38,21,17,0.553,26.6,113.5,112.3,1.2,17.0,0.052,0.145,0.098,9.034,0.173,98.59,253,205,290,237,151,207,244,202,274,203,224,223,51,260,468
1629611,Terance Mann,47,33,14,0.702,24.9,118.2,113.1,5.1,19.4,0.056,0.086,0.072,6.795,0.13,98.58,155,37,220,61,179,63,275,125,210,193,454,359,51,447,469
1631367,Jacob Gilyard,37,10,27,0.27,17.7,104.4,117.8,-13.3,43.0,0.013,0.066,0.037,9.512,0.117,98.58,257,330,453,437,266,451,440,483,9,475,495,516,51,482,469
201152,Thaddeus Young,23,6,17,0.261,15.2,117.2,120.9,-3.7,32.6,0.097,0.156,0.126,7.176,0.131,98.53,358,403,290,440,304,96,505,332,36,81,184,136,51,439,471
1641788,Alex Fudge,4,1,3,0.25,3.6,66.1,137.6,-71.5,0.0,0.167,0.0,0.08,12.69,0.237,98.48,500,491,46,442,505,532,532,535,515,12,518,318,51,92,472
1627750,Jamal Murray,40,28,12,0.7,31.4,118.1,113.1,5.0,24.5,0.025,0.114,0.071,7.696,0.276,98.47,232,98,184,62,79,67,275,130,113,368,359,367,51,39,473
201942,DeMar DeRozan,53,25,28,0.472,37.7,112.5,113.8,-1.3,19.8,0.017,0.108,0.061,5.695,0.249,98.46,42,136,462,314,1,237,317,273,199,440,382,425,51,72,474
203497,Rudy Gobert,54,39,15,0.722,33.4,115.0,104.4,10.6,9.3,0.135,0.283,0.216,11.755,0.158,98.43,19,5,235,46,49,160,53,42,476,31,23,13,51,334,475
1628404,Josh Hart,54,32,22,0.593,29.9,115.4,110.5,5.0,26.7,0.048,0.218,0.133,10.572,0.127,98.41,19,45,381,184,99,151,170,130,84,221,79,123,51,452,476
1629656,Quentin Grimes,45,29,16,0.644,20.2,108.4,108.5,-0.1,13.9,0.016,0.088,0.052,5.616,0.153,98.41,176,80,258,118,229,361,112,235,366,446,448,479,51,350,476
1630192,Zeke Nnaji,40,26,14,0.65,9.6,99.4,117.9,-18.5,13.1,0.127,0.116,0.122,14.23,0.174,98.38,232,119,220,114,398,488,442,507,391,45,346,151,51,258,478
1629610,DaQuan Jeffries,10,7,3,0.7,3.0,88.4,102.8,-14.4,12.6,0.0,0.143,0.075,6.297,0.217,98.38,448,382,46,62,521,518,45,491,402,499,233,338,51,131,478
1641778,Leaky Black,22,1,21,0.045,9.9,104.6,115.7,-11.1,26.4,0.039,0.154,0.095,7.336,0.101,98.37,368,491,365,518,395,446,379,456,87,273,195,235,51,510,480
1630172,Patrick Williams,43,19,24,0.442,27.3,114.1,113.9,0.1,12.9,0.043,0.118,0.079,11.154,0.166,98.33,202,228,410,342,135,191,322,230,396,251,336,323,51,293,481
1628470,Torrey Craig,33,13,20,0.394,21.0,108.8,116.6,-7.8,15.4,0.082,0.167,0.122,8.124,0.124,98.27,297,297,354,380,224,355,405,413,322,116,163,150,51,464,482
1631207,Dalen Terry,35,17,18,0.486,10.0,114.7,111.8,2.9,29.5,0.035,0.151,0.092,11.669,0.127,98.26,280,251,320,300,392,170,225,169,56,288,200,246,51,452,483
1628966,Keita Bates-Diop,41,24,17,0.585,14.9,112.4,115.4,-3.0,15.5,0.059,0.131,0.097,6.397,0.134,98.24,224,148,290,194,308,241,368,321,316,182,284,230,51,422,484
1629632,Coby White,55,26,29,0.473,36.3,114.5,113.2,1.3,21.9,0.016,0.133,0.074,9.228,0.229,98.24,6,119,474,312,8,181,287,199,152,447,279,343,51,110,484
1641733,Nick Smith Jr.,37,7,30,0.189,15.5,100.7,118.3,-17.6,15.0,0.029,0.079,0.052,10.677,0.199,98.16,257,382,485,469,301,484,452,504,332,334,475,477,51,173,486
1630846,Olivier Sarr,12,6,6,0.5,7.4,109.4,112.2,-2.7,7.0,0.139,0.267,0.21,10.446,0.132,98.07,438,403,100,274,437,337,237,308,504,25,33,19,51,433,487
1628436,Luke Kornet,39,29,10,0.744,14.9,116.7,113.4,3.3,18.4,0.136,0.145,0.141,9.213,0.111,98.05,244,80,152,41,311,112,299,164,242,28,222,106,51,494,488
1641771,Jalen Slawson,5,3,2,0.6,3.7,89.0,119.7,-30.7,28.6,0.0,0.267,0.133,28.571,0.122,98.04,487,448,33,168,499,517,486,523,65,499,33,120,534,471,489
1641754,Seth Lundy,9,2,7,0.222,5.8,110.0,116.8,-6.8,0.0,0.024,0.13,0.08,5.061,0.179,98.04,457,469,112,459,466,311,411,390,515,380,287,321,51,240,489
1629011,Mitchell Robinson,21,12,9,0.571,29.2,114.5,114.1,0.4,10.0,0.195,0.196,0.196,13.933,0.094,97.95,376,302,135,212,111,181,330,222,464,8,116,29,51,518,491
1630202,Payton Pritchard,55,43,12,0.782,20.7,120.2,111.0,9.2,26.9,0.048,0.117,0.083,5.592,0.158,97.92,6,1,184,26,226,29,196,62,79,224,345,305,51,334,492
201599,DeAndre Jordan,29,19,10,0.655,11.3,105.8,115.2,-9.4,14.6,0.155,0.274,0.214,13.913,0.154,97.89,331,228,152,106,369,426,364,437,350,19,26,14,51,346,493
1630173,Precious Achiuwa,48,24,24,0.5,21.2,112.8,113.3,-0.5,14.0,0.128,0.205,0.165,10.749,0.169,97.82,140,148,410,274,220,232,292,253,363,42,103,67,51,279,494
1630544,Tre Mann,16,14,2,0.875,13.1,106.1,106.6,-0.4,31.2,0.041,0.195,0.124,11.873,0.202,97.77,412,279,33,13,340,417,74,247,47,258,120,142,51,163,495
1630243,Trevelin Queen,13,5,8,0.385,12.5,111.4,106.5,4.9,26.4,0.023,0.112,0.07,10.252,0.145,97.7,433,424,126,384,352,271,73,133,88,383,362,376,51,388,496
203083,Andre Drummond,55,26,29,0.473,16.7,113.4,113.8,-0.3,5.9,0.222,0.365,0.292,12.543,0.21,97.66,6,119,474,312,285,211,317,243,509,6,6,4,51,142,497
1629004,Svi Mykhailiuk,23,17,6,0.739,7.9,114.6,108.4,6.3,11.8,0.029,0.08,0.056,8.27,0.174,97.62,358,251,100,43,429,174,109,103,420,332,472,456,51,258,498
1631303,Justin Minaya,17,1,16,0.059,8.6,97.5,106.2,-8.7,18.6,0.065,0.081,0.073,13.284,0.091,97.62,401,491,258,517,418,497,67,430,234,163,468,352,51,522,498
1631306,Cole Swider,10,3,7,0.3,5.0,96.3,97.7,-1.4,11.8,0.02,0.041,0.03,17.71,0.251,97.6,448,448,112,423,480,500,27,278,422,415,508,519,502,66,500
1630590,Scotty Pippen Jr.,8,1,7,0.125,22.6,104.2,111.4,-7.2,30.2,0.045,0.114,0.079,12.58,0.204,97.44,467,491,112,502,206,455,205,396,53,238,356,325,51,156,501
1641749,Keyontae Johnson,7,5,2,0.714,8.2,98.3,110.2,-11.9,20.0,0.061,0.064,0.063,20.0,0.123,97.36,472,424,33,51,425,493,157,467,191,178,497,415,502,468,502
1630553,Keon Johnson,3,0,3,0.0,15.7,125.2,151.5,-26.4,11.8,0.044,0.067,0.053,11.755,0.201,97.27,504,520,46,520,296,13,536,521,423,243,491,474,51,166,503
1641854,Craig Porter Jr.,32,23,9,0.719,14.6,116.9,114.0,2.8,29.4,0.041,0.153,0.1,10.671,0.209,97.16,308,164,135,49,317,107,324,171,58,262,198,208,51,144,504
1629660,Ty Jerome,2,1,1,0.5,7.4,107.5,152.5,-45.0,37.5,0.071,0.0,0.042,12.5,0.153,97.06,514,491,13,274,439,381,537,530,17,141,518,507,51,350,505
1641793,D'Moi Hodge,7,1,6,0.143,5.9,91.0,133.5,-42.5,22.9,0.0,0.0,0.0,4.57,0.184,97.02,472,491,100,493,464,514,530,529,138,499,518,526,1,221,506
1630540,Miles McBride,42,26,16,0.619,12.4,104.3,110.3,-6.0,15.2,0.02,0.062,0.041,5.776,0.197,96.96,217,119,258,148,353,454,159,375,328,410,499,511,51,178,507
1630249,Vit Krejci,1,0,1,0.0,2.5,82.0,100.0,-18.0,0.0,0.0,0.0,0.0,0.0,0.0,96.78,529,520,13,520,530,524,29,506,515,499,518,526,1,535,508
1631216,Caleb Houstan,40,19,21,0.475,14.9,112.5,113.1,-0.6,11.9,0.04,0.077,0.058,6.942,0.132,96.72,232,228,365,310,312,237,275,255,419,267,479,442,51,433,509
1630547,James Bouknight,14,0,14,0.0,5.8,107.3,119.5,-12.2,12.0,0.014,0.131,0.067,4.01,0.245,96.69,428,520,220,520,465,386,483,470,414,468,283,395,1,79,510
1629674,Neemias Queta,23,19,4,0.826,12.3,128.7,112.8,15.9,10.1,0.171,0.211,0.192,8.272,0.147,96.69,358,228,66,15,356,11,264,24,457,11,93,33,51,379,510
1641732,Colby Jones,17,7,10,0.412,7.1,109.7,110.9,-1.3,15.8,0.08,0.146,0.11,7.911,0.186,96.59,401,382,152,366,446,324,189,273,310,118,216,178,51,215,512
1629643,Chuma Okeke,33,14,19,0.424,11.6,105.1,107.8,-2.7,13.1,0.048,0.163,0.102,9.217,0.132,96.5,297,279,335,359,365,442,96,308,392,220,171,198,51,433,513
1630548,Johnny Juzang,2,0,2,0.0,3.0,32.5,41.7,-9.2,25.0,0.0,0.0,0.0,0.0,0.209,96.48,514,520,33,520,519,536,3,436,104,499,518,526,1,144,514
1641787,Tosan Evbuomwan,5,0,5,0.0,16.5,104.0,120.5,-16.5,25.0,0.096,0.118,0.106,4.167,0.098,96.46,487,520,80,520,289,456,498,498,104,83,337,188,1,514,515
1631217,Moussa Diabate,10,6,4,0.6,5.8,123.1,118.1,5.0,13.7,0.259,0.118,0.19,6.831,0.183,96.25,448,403,66,168,468,14,447,130,373,4,337,36,51,226,516
1630658,Colin Castleton,7,3,4,0.429,5.1,98.4,129.3,-30.8,19.0,0.133,0.167,0.15,6.345,0.163,95.6,472,448,66,355,477,492,525,524,225,33,163,85,51,308,517
1630196,Filip Petrusev,3,2,1,0.667,3.1,114.6,89.5,25.1,0.0,0.0,0.083,0.059,0.0,0.15,95.59,504,469,13,88,516,174,19,12,515,499,461,439,1,367,518
1631210,Jacob Toppin,5,0,5,0.0,6.6,96.0,135.1,-39.2,15.5,0.1,0.15,0.12,7.764,0.15,95.08,487,520,80,520,453,501,531,528,317,72,203,156,51,367,519
1629718,Charlie Brown Jr.,6,1,5,0.167,5.6,103.9,115.3,-11.4,0.0,0.028,0.033,0.03,18.182,0.144,95.03,479,491,80,483,472,457,367,463,515,345,514,519,502,389,520
1629623,Lindell Wigginton,3,3,0,1.0,2.5,79.3,128.7,-49.4,0.0,0.0,0.0,0.0,14.535,0.496,94.99,504,448,1,1,529,528,523,532,515,499,518,526,51,1,521
1627853,Ryan Arcidiacono,20,15,5,0.75,2.3,88.2,84.3,3.9,33.3,0.0,0.145,0.085,16.667,0.083,94.91,381,270,80,39,532,519,13,147,33,499,218,288,502,525,522
1630562,Matt Hurt,3,0,3,0.0,18.5,99.3,118.4,-19.1,13.4,0.07,0.04,0.056,0.0,0.154,94.88,504,520,46,520,251,489,458,508,382,144,509,454,1,346,523
1629603,Mamadi Diakite,3,2,1,0.667,5.3,106.6,87.3,19.3,20.7,0.059,0.118,0.088,0.0,0.225,94.86,504,469,13,88,473,404,18,19,173,183,337,264,1,116,524
1630579,Jericho Sims,28,19,9,0.679,11.0,108.5,112.3,-3.8,16.0,0.092,0.158,0.126,14.184,0.069,94.77,341,228,135,86,377,359,244,335,307,93,178,138,51,530,525
1641816,Hunter Tyson,9,6,3,0.667,3.0,110.7,112.9,-2.2,10.0,0.0,0.316,0.15,20.0,0.163,94.5,457,403,46,88,522,291,268,298,461,499,12,85,502,308,526
1629618,Jalen Pickett,16,10,6,0.625,6.1,107.0,110.9,-3.8,25.6,0.013,0.119,0.068,12.799,0.168,94.34,412,330,100,135,461,391,189,335,100,474,330,382,51,283,527
1641806,Markquis Nowell,1,0,1,0.0,3.5,133.1,71.4,61.7,51.5,0.5,0.0,0.286,0.0,0.215,93.91,529,520,13,520,508,7,7,3,2,1,518,5,1,133,528
1641775,Jordan Walsh,4,4,0,1.0,8.3,122.4,84.3,38.1,22.2,0.067,0.22,0.155,22.222,0.091,93.5,500,437,1,1,424,16,13,6,148,157,75,81,502,522,529
1641809,Drew Peterson,1,1,0,1.0,2.6,160.0,123.0,37.0,50.0,0.0,0.0,0.0,0.0,0.2,92.99,529,491,1,1,528,3,514,8,3,499,518,526,1,170,530
1630204,Ashton Hagans,4,0,4,0.0,14.9,96.0,126.1,-30.1,30.6,0.0,0.109,0.055,13.112,0.124,92.77,500,520,66,520,310,501,519,522,52,499,375,463,51,464,531
1627745,Damian Jones,25,19,6,0.76,6.0,101.4,111.7,-10.3,20.7,0.072,0.186,0.13,15.56,0.143,92.75,349,228,100,36,463,479,219,447,173,139,135,128,502,392,532
1631241,Javon Freeman-Liberty,2,1,1,0.5,2.0,25.0,128.6,-103.6,0.0,0.167,0.0,0.111,0.0,0.3,92.31,514,491,13,274,536,537,522,538,515,12,518,171,1,22,533
1630600,Isaiah Mobley,3,0,3,0.0,4.7,103.7,124.5,-20.7,44.4,0.0,0.286,0.1,11.111,0.167,91.7,504,520,46,520,488,458,517,512,7,499,21,210,51,288,534
1630259,Jordan Ford,6,2,4,0.333,3.6,139.7,108.3,31.4,18.4,0.0,0.105,0.054,9.191,0.195,90.38,479,469,66,410,503,5,107,10,244,499,389,469,51,182,535
1641931,Onuralp Bitim,1,0,1,0.0,3.2,86.8,119.0,-32.2,0.0,0.0,0.0,0.0,0.0,0.0,87.76,529,520,13,520,514,520,472,525,515,499,518,526,1,535,536
1630695,Micah Potter,2,1,1,0.5,3.6,45.0,146.2,-101.1,0.0,0.0,0.667,0.25,0.0,0.07,86.93,514,491,13,274,504,535,535,537,515,499,1,7,1,529,537
1631376,Dmytro Skapintsev,2,0,2,0.0,1.1,75.0,87.2,-12.2,0.0,0.0,0.0,0.0,0.0,0.25,83.7,514,520,33,520,539,531,17,470,515,499,518,526,1,69,538
1631250,Pete Nance,2,1,1,0.5,2.1,101.7,50.0,51.7,0.0,0.0,0.0,0.0,0.0,0.291,74.49,514,491,13,274,534,478,4,5,515,499,518,526,1,28,539
1630606,Javonte Smart,1,1,0,1.0,0.7,0.0,300.0,-300.0,0.0,0.0,0.0,0.0,0.0,0.0,72.0,529,491,1,1,540,539,540,540,515,499,518,526,1,535,540
