PLAYER_ID,PLAYER_NAME,PLAYER_LAST_TEAM_ID,PLAYER_LAST_TEAM_ABBREVIATION,AGE,GP,G,FGA_FREQUENCY,FGM,FGA,FG_PCT,EFG_PCT,FG2A_FREQUENCY,FG2M,FG2A,FG2_PCT,FG3A_FREQUENCY,FG3M,FG3A,FG3_PCT
1629029,Luka Doncic,1610612742,DAL,24.0,47,47,1.0,11.53,23.43,0.492,0.574,0.561,7.68,13.15,0.584,0.439,3.85,10.28,0.375
203954,Joel Embiid,1610612755,PHI,29.0,34,34,1.0,11.82,22.18,0.533,0.56,0.851,10.62,18.88,0.562,0.149,1.21,3.29,0.366
1628378,Donovan Mitchell,1610612739,CLE,27.0,44,44,1.0,9.86,20.86,0.473,0.552,0.562,6.57,11.73,0.56,0.438,3.3,9.14,0.361
1628368,De'Aaron Fox,1610612758,SAC,26.0,48,48,1.0,9.56,20.6,0.464,0.535,0.623,6.65,12.83,0.518,0.377,2.92,7.77,0.375
1628973,Jalen Brunson,1610612752,NYK,27.0,52,52,1.0,9.77,20.25,0.482,0.548,0.681,7.12,13.79,0.516,0.319,2.65,6.46,0.411
1628983,Shai Gilgeous-Alexander,1610612760,OKC,25.0,53,53,1.0,10.94,20.06,0.546,0.576,0.835,9.72,16.75,0.58,0.165,1.23,3.3,0.371
1630178,Tyrese Maxey,1610612755,PHI,23.0,49,49,1.0,8.94,19.88,0.45,0.526,0.597,5.9,11.86,0.497,0.403,3.04,8.02,0.379
202681,Kyrie Irving,1610612742,DAL,31.0,33,33,1.0,9.64,19.64,0.491,0.565,0.642,6.73,12.61,0.534,0.358,2.91,7.03,0.414
1628369,Jayson Tatum,1610612738,BOS,25.0,52,52,1.0,9.25,19.46,0.475,0.554,0.567,6.19,11.04,0.561,0.433,3.06,8.42,0.363
1630162,Anthony Edwards,1610612750,MIN,22.0,52,52,1.0,9.1,19.33,0.471,0.537,0.655,6.52,12.65,0.515,0.345,2.58,6.67,0.386
1630163,LaMelo Ball,1610612766,CHA,22.0,22,22,1.0,8.32,19.23,0.433,0.515,0.534,5.14,10.27,0.5,0.466,3.18,8.95,0.355
1629027,Trae Young,1610612737,ATL,25.0,50,50,1.0,8.26,19.22,0.43,0.516,0.538,4.94,10.34,0.478,0.462,3.32,8.88,0.374
201939,Stephen Curry,1610612744,GSW,35.0,50,50,1.0,8.84,19.16,0.461,0.589,0.395,3.94,7.56,0.521,0.605,4.9,11.6,0.422
1626164,Devin Booker,1610612756,PHX,27.0,44,44,1.0,9.55,19.09,0.5,0.558,0.698,7.34,13.32,0.551,0.302,2.2,5.77,0.382
201142,Kevin Durant,1610612756,PHX,35.0,48,48,1.0,10.23,18.98,0.539,0.598,0.732,7.98,13.9,0.574,0.268,2.25,5.08,0.443
1629630,Ja Morant,1610612763,MEM,24.0,9,9,1.0,8.89,18.89,0.471,0.512,0.7,7.33,13.22,0.555,0.3,1.56,5.67,0.275
203507,Giannis Antetokounmpo,1610612749,MIL,29.0,54,54,1.0,11.59,18.85,0.615,0.627,0.908,11.15,17.11,0.652,0.092,0.44,1.74,0.255
1630217,Desmond Bane,1610612763,MEM,25.0,37,37,1.0,8.92,18.81,0.474,0.563,0.54,5.59,10.16,0.551,0.46,3.32,8.65,0.384
1628398,Kyle Kuzma,1610612764,WAS,28.0,52,52,1.0,8.52,18.67,0.456,0.516,0.633,6.27,11.83,0.53,0.367,2.25,6.85,0.329
1630595,Cade Cunningham,1610612765,DET,22.0,44,44,1.0,8.16,18.34,0.445,0.491,0.722,6.45,13.25,0.487,0.278,1.7,5.09,0.335
1629014,Anfernee Simons,1610612757,POR,24.0,31,31,1.0,7.9,18.26,0.433,0.527,0.518,4.48,9.45,0.474,0.482,3.42,8.81,0.388
1629639,Tyler Herro,1610612748,MIA,24.0,34,35,1.0,8.06,18.21,0.443,0.534,0.546,4.74,9.94,0.476,0.454,3.32,8.26,0.402
203944,Julius Randle,1610612752,NYK,29.0,46,46,1.0,8.5,17.98,0.473,0.519,0.706,6.85,12.7,0.539,0.294,1.65,5.28,0.313
1631094,Paolo Banchero,1610612753,ORL,21.0,55,55,1.0,8.2,17.76,0.462,0.505,0.762,6.65,13.53,0.492,0.238,1.55,4.24,0.365
203999,Nikola Jokic,1610612743,DEN,29.0,52,52,1.0,10.13,17.65,0.574,0.603,0.829,9.1,14.63,0.622,0.171,1.04,3.02,0.344
1628970,Miles Bridges,1610612766,CHA,25.0,43,43,1.0,8.19,17.65,0.464,0.533,0.627,5.74,11.07,0.519,0.373,2.44,6.58,0.371
2544,LeBron James,1610612747,LAL,39.0,48,48,1.0,9.06,17.54,0.517,0.575,0.697,7.02,12.23,0.574,0.303,2.04,5.31,0.384
1627749,Dejounte Murray,1610612737,ATL,27.0,52,52,1.0,8.12,17.52,0.463,0.528,0.643,5.85,11.27,0.519,0.357,2.27,6.25,0.363
203081,Damian Lillard,1610612749,MIL,33.0,51,51,1.0,7.33,17.35,0.423,0.506,0.511,4.43,8.86,0.5,0.489,2.9,8.49,0.342
1627759,Jaylen Brown,1610612738,BOS,27.0,50,50,1.0,8.52,17.3,0.492,0.549,0.672,6.58,11.62,0.566,0.328,1.94,5.68,0.342
1630560,Cam Thomas,1610612751,BKN,22.0,44,44,1.0,7.59,17.23,0.441,0.5,0.678,5.55,11.68,0.475,0.322,2.05,5.55,0.369
1628991,Jaren Jackson Jr.,1610612763,MEM,24.0,51,51,1.0,7.71,17.14,0.45,0.503,0.669,5.86,11.47,0.511,0.331,1.84,5.67,0.325
202331,Paul George,1610612746,LAC,33.0,50,50,1.0,7.72,17.02,0.454,0.548,0.518,4.52,8.82,0.512,0.482,3.2,8.2,0.39
1626179,Terry Rozier,1610612748,MIA,29.0,40,40,1.0,7.45,16.93,0.44,0.51,0.588,5.1,9.95,0.513,0.412,2.35,6.98,0.337
202695,Kawhi Leonard,1610612746,LAC,32.0,48,48,1.0,8.85,16.9,0.524,0.591,0.7,6.58,11.83,0.556,0.3,2.27,5.06,0.449
1628969,Mikal Bridges,1610612751,BKN,27.0,53,53,1.0,7.64,16.89,0.453,0.53,0.588,5.04,9.92,0.508,0.412,2.6,6.96,0.374
203076,Anthony Davis,1610612747,LAL,30.0,51,51,1.0,9.37,16.84,0.556,0.568,0.929,9.0,15.65,0.575,0.071,0.37,1.2,0.311
201942,DeMar DeRozan,1610612741,CHI,34.0,53,53,1.0,7.75,16.53,0.469,0.497,0.832,6.83,13.75,0.497,0.168,0.92,2.77,0.333
1627742,Brandon Ingram,1610612740,NOP,26.0,50,50,1.0,8.12,16.46,0.493,0.537,0.762,6.68,12.54,0.533,0.238,1.44,3.92,0.367
1627750,Jamal Murray,1610612743,DEN,26.0,39,39,1.0,7.62,16.36,0.466,0.538,0.639,5.23,10.46,0.5,0.361,2.38,5.9,0.404
1630532,Franz Wagner,1610612753,ORL,22.0,47,47,1.0,7.79,16.3,0.478,0.528,0.685,6.15,11.17,0.55,0.315,1.64,5.13,0.32
1628374,Lauri Markkanen,1610612762,UTA,26.0,46,46,1.0,7.93,16.15,0.491,0.592,0.502,4.7,8.11,0.579,0.498,3.24,8.04,0.403
203924,Jerami Grant,1610612757,POR,29.0,47,47,1.0,7.34,16.09,0.456,0.521,0.679,5.26,10.91,0.481,0.321,2.09,5.17,0.403
1641705,Victor Wembanyama,1610612759,SAS,20.0,49,49,1.0,7.51,16.04,0.468,0.517,0.695,5.94,11.14,0.533,0.305,1.57,4.9,0.321
1627783,Pascal Siakam,1610612754,IND,29.0,54,54,1.0,8.46,15.81,0.535,0.573,0.776,7.26,12.28,0.591,0.224,1.2,3.54,0.34
1630169,Tyrese Haliburton,1610612754,IND,23.0,43,43,1.0,7.77,15.79,0.492,0.592,0.501,4.6,7.91,0.582,0.499,3.16,7.88,0.401
1630567,Scottie Barnes,1610612761,TOR,22.0,55,55,1.0,7.44,15.75,0.472,0.529,0.679,5.65,10.69,0.529,0.321,1.78,5.05,0.353
202696,Nikola Vucevic,1610612741,CHI,33.0,50,50,1.0,7.38,15.72,0.469,0.505,0.738,6.26,11.6,0.54,0.262,1.12,4.12,0.272
1630578,Alperen Sengun,1610612745,HOU,21.0,53,53,1.0,8.38,15.53,0.539,0.557,0.88,7.83,13.66,0.573,0.12,0.55,1.87,0.293
1626157,Karl-Anthony Towns,1610612750,MIN,28.0,54,54,1.0,7.98,15.43,0.517,0.59,0.667,5.74,10.3,0.558,0.333,2.24,5.13,0.437
1629627,Zion Williamson,1610612740,NOP,23.0,43,43,1.0,8.86,15.19,0.583,0.587,0.983,8.77,14.93,0.587,0.017,0.09,0.26,0.364
1630224,Jalen Green,1610612745,HOU,22.0,54,54,1.0,6.2,15.07,0.412,0.478,0.568,4.2,8.56,0.491,0.432,2.0,6.52,0.307
1629632,Coby White,1610612741,CHI,24.0,55,55,1.0,6.96,15.04,0.463,0.557,0.525,4.13,7.89,0.523,0.475,2.84,7.15,0.397
203897,Zach LaVine,1610612741,CHI,28.0,25,25,1.0,6.8,15.0,0.453,0.532,0.549,4.44,8.24,0.539,0.451,2.36,6.76,0.349
202711,Bojan Bogdanovic,1610612752,NYK,34.0,30,30,1.0,6.97,14.93,0.467,0.566,0.513,4.0,7.67,0.522,0.487,2.97,7.27,0.408
1628389,Bam Adebayo,1610612748,MIA,26.0,44,44,1.0,7.57,14.91,0.508,0.508,0.983,7.55,14.66,0.515,0.017,0.02,0.25,0.091
1630170,Devin Vassell,1610612759,SAS,23.0,50,50,1.0,6.94,14.9,0.466,0.549,0.55,4.46,8.2,0.544,0.45,2.48,6.7,0.37
203468,CJ McCollum,1610612740,NOP,32.0,40,40,1.0,6.93,14.88,0.466,0.582,0.452,3.48,6.73,0.517,0.548,3.45,8.15,0.423
203903,Jordan Clarkson,1610612762,UTA,31.0,46,46,1.0,6.13,14.78,0.415,0.472,0.616,4.43,9.11,0.487,0.384,1.7,5.67,0.299
1629628,RJ Barrett,1610612761,TOR,23.0,45,45,1.0,6.91,14.53,0.476,0.528,0.7,5.4,10.18,0.531,0.3,1.51,4.36,0.347
203078,Bradley Beal,1610612756,PHX,30.0,29,30,1.0,6.93,14.21,0.488,0.545,0.684,5.31,9.72,0.546,0.316,1.62,4.48,0.362
1629636,Darius Garland,1610612739,CLE,24.0,29,29,1.0,6.69,14.17,0.472,0.53,0.65,5.03,9.21,0.547,0.35,1.66,4.97,0.333
202691,Klay Thompson,1610612744,GSW,34.0,50,50,1.0,5.98,14.14,0.423,0.535,0.406,2.82,5.74,0.491,0.594,3.16,8.4,0.376
1629673,Jordan Poole,1610612764,WAS,24.0,52,52,1.0,5.62,14.02,0.401,0.47,0.543,3.67,7.62,0.482,0.457,1.94,6.4,0.303
203501,Tim Hardaway Jr.,1610612742,DAL,31.0,52,51,1.0,5.75,13.98,0.411,0.522,0.392,2.65,5.48,0.484,0.608,3.1,8.5,0.364
1641706,Brandon Miller,1610612766,CHA,21.0,48,48,1.0,6.19,13.94,0.444,0.528,0.567,3.85,7.9,0.488,0.433,2.33,6.04,0.386
203992,Bogdan Bogdanovic,1610612737,ATL,31.0,53,53,1.0,6.04,13.91,0.434,0.546,0.403,2.92,5.6,0.522,0.597,3.11,8.3,0.375
1631114,Jalen Williams,1610612760,OKC,22.0,48,48,1.0,7.5,13.77,0.545,0.599,0.759,6.0,10.46,0.574,0.241,1.5,3.31,0.453
1631101,Shaedon Sharpe,1610612757,POR,20.0,32,32,1.0,5.5,13.56,0.406,0.475,0.585,3.63,7.94,0.457,0.415,1.88,5.63,0.333
1626156,D'Angelo Russell,1610612747,LAL,27.0,50,50,1.0,6.28,13.52,0.464,0.561,0.534,3.66,7.22,0.507,0.466,2.62,6.3,0.416
1627832,Fred VanVleet,1610612745,HOU,29.0,47,47,1.0,5.51,13.47,0.409,0.516,0.43,2.64,5.79,0.456,0.57,2.87,7.68,0.374
202710,Jimmy Butler,1610612748,MIA,34.0,37,37,1.0,6.68,13.35,0.5,0.537,0.832,5.68,11.11,0.511,0.168,1.0,2.24,0.446
202699,Tobias Harris,1610612755,PHI,31.0,48,48,1.0,6.73,13.29,0.506,0.549,0.748,5.58,9.94,0.562,0.252,1.15,3.35,0.342
1629640,Keldon Johnson,1610612759,SAS,24.0,51,51,1.0,5.86,13.1,0.448,0.513,0.605,4.16,7.92,0.525,0.395,1.71,5.18,0.33
1629008,Michael Porter Jr.,1610612743,DEN,25.0,53,53,1.0,6.13,13.09,0.468,0.571,0.473,3.43,6.19,0.555,0.527,2.7,6.91,0.391
1627734,Domantas Sabonis,1610612758,SAC,27.0,54,54,1.0,8.09,13.02,0.622,0.64,0.913,7.61,11.89,0.64,0.087,0.48,1.13,0.426
204001,Kristaps Porzingis,1610612738,BOS,28.0,40,40,1.0,6.8,12.8,0.531,0.604,0.607,4.95,7.78,0.637,0.393,1.85,5.03,0.368
1627763,Malcolm Brogdon,1610612757,POR,31.0,39,39,1.0,5.59,12.72,0.44,0.522,0.599,3.49,7.62,0.458,0.401,2.1,5.1,0.412
1629012,Collin Sexton,1610612762,UTA,25.0,56,56,1.0,6.09,12.48,0.488,0.552,0.674,4.5,8.41,0.535,0.326,1.59,4.07,0.39
1627747,Caris LeVert,1610612739,CLE,29.0,43,43,1.0,5.28,12.44,0.424,0.493,0.589,3.56,7.33,0.486,0.411,1.72,5.12,0.336
1631099,Keegan Murray,1610612758,SAC,23.0,50,50,1.0,5.58,12.16,0.459,0.548,0.492,3.42,5.98,0.572,0.508,2.16,6.18,0.35
1630193,Immanuel Quickley,1610612761,TOR,24.0,50,50,1.0,5.2,12.04,0.432,0.528,0.525,2.88,6.32,0.456,0.475,2.32,5.72,0.406
202330,Gordon Hayward,1610612760,OKC,33.0,25,25,1.0,5.56,11.88,0.468,0.505,0.795,4.68,9.44,0.496,0.205,0.88,2.44,0.361
1631093,Jaden Ivey,1610612765,DET,22.0,50,50,1.0,5.4,11.88,0.455,0.52,0.636,3.84,7.56,0.508,0.364,1.56,4.32,0.361
1626167,Myles Turner,1610612754,IND,27.0,52,52,1.0,6.21,11.87,0.524,0.581,0.658,4.85,7.81,0.621,0.342,1.37,4.06,0.336
203935,Marcus Smart,1610612763,MEM,29.0,20,20,1.0,5.1,11.85,0.43,0.519,0.435,3.0,5.15,0.583,0.565,2.1,6.7,0.313
1630552,Jalen Johnson,1610612737,ATL,22.0,41,41,1.0,6.22,11.83,0.526,0.574,0.72,5.07,8.51,0.596,0.28,1.15,3.32,0.346
1630703,Scoot Henderson,1610612757,POR,20.0,43,43,1.0,4.42,11.77,0.375,0.427,0.668,3.21,7.86,0.408,0.332,1.21,3.91,0.31
1631096,Chet Holmgren,1610612760,OKC,21.0,54,54,1.0,6.3,11.76,0.535,0.606,0.639,4.63,7.52,0.616,0.361,1.67,4.24,0.393
1628370,Malik Monk,1610612758,SAC,26.0,53,53,1.0,5.26,11.75,0.448,0.543,0.491,3.02,5.77,0.523,0.509,2.25,5.98,0.375
1628401,Derrick White,1610612738,BOS,29.0,51,51,1.0,5.41,11.71,0.462,0.576,0.425,2.75,4.98,0.551,0.575,2.67,6.73,0.397
1628384,OG Anunoby,1610612752,NYK,26.0,41,41,1.0,5.8,11.66,0.498,0.588,0.525,3.71,6.12,0.606,0.475,2.1,5.54,0.379
203114,Khris Middleton,1610612749,MIL,32.0,43,43,1.0,5.63,11.56,0.487,0.56,0.612,3.93,7.07,0.556,0.388,1.7,4.49,0.378
1629028,Deandre Ayton,1610612757,POR,25.0,37,37,1.0,6.41,11.41,0.562,0.562,1.0,6.41,11.41,0.562,0.0,0.0,0.0,
201935,James Harden,1610612746,LAC,34.0,48,48,1.0,5.15,11.4,0.452,0.576,0.411,2.31,4.69,0.493,0.589,2.83,6.71,0.422
1629023,P.J. Washington,1610612742,DAL,25.0,47,46,1.0,5.06,11.4,0.444,0.52,0.522,3.34,5.96,0.561,0.478,1.72,5.45,0.316
1626162,Kelly Oubre Jr.,1610612755,PHI,28.0,42,42,1.0,5.24,11.36,0.461,0.525,0.6,3.79,6.81,0.556,0.4,1.45,4.55,0.319
1628415,Dillon Brooks,1610612745,HOU,28.0,45,45,1.0,5.07,11.31,0.448,0.537,0.552,3.04,6.24,0.488,0.448,2.02,5.07,0.399
1630596,Evan Mobley,1610612739,CLE,22.0,30,30,1.0,6.6,11.23,0.588,0.602,0.929,6.27,10.43,0.601,0.071,0.33,0.8,0.417
1629661,Cameron Johnson,1610612751,BKN,27.0,40,40,1.0,5.03,11.15,0.451,0.559,0.453,2.6,5.05,0.515,0.547,2.43,6.1,0.398
1630559,Austin Reaves,1610612747,LAL,25.0,55,54,1.0,5.4,10.95,0.493,0.571,0.58,3.71,6.35,0.585,0.42,1.69,4.6,0.368
1631097,Bennedict Mathurin,1610612754,IND,21.0,52,52,1.0,4.92,10.94,0.45,0.506,0.692,3.69,7.58,0.487,0.308,1.23,3.37,0.366
203471,Dennis Schroder,1610612751,BKN,30.0,54,54,1.0,4.78,10.93,0.437,0.507,0.605,3.26,6.61,0.493,0.395,1.52,4.31,0.352
1628381,John Collins,1610612762,UTA,26.0,52,52,1.0,5.67,10.87,0.522,0.575,0.683,4.52,7.42,0.609,0.317,1.15,3.44,0.335
1629622,Max Strus,1610612739,CLE,27.0,53,53,1.0,4.4,10.75,0.409,0.519,0.339,2.02,3.64,0.554,0.661,2.38,7.11,0.334
1630228,Jonathan Kuminga,1610612744,GSW,21.0,52,51,1.0,5.73,10.71,0.535,0.568,0.785,5.02,8.4,0.597,0.215,0.71,2.31,0.308
1631095,Jabari Smith Jr.,1610612745,HOU,20.0,49,49,1.0,4.9,10.67,0.459,0.535,0.574,3.27,6.12,0.533,0.426,1.63,4.55,0.359
1630180,Saddiq Bey,1610612737,ATL,24.0,54,54,1.0,4.52,10.67,0.424,0.506,0.483,2.76,5.15,0.536,0.517,1.76,5.52,0.319
201950,Jrue Holiday,1610612738,BOS,33.0,50,50,1.0,4.98,10.52,0.473,0.571,0.555,2.92,5.84,0.5,0.445,2.06,4.68,0.44
203952,Andrew Wiggins,1610612744,GSW,28.0,48,47,1.0,4.65,10.48,0.443,0.493,0.7,3.6,7.33,0.491,0.3,1.04,3.15,0.331
1626145,Tyus Jones,1610612764,WAS,27.0,54,54,1.0,5.22,10.46,0.499,0.576,0.639,3.61,6.69,0.54,0.361,1.61,3.78,0.426
1629631,De'Andre Hunter,1610612737,ATL,26.0,31,31,1.0,4.87,10.45,0.466,0.557,0.559,2.97,5.84,0.508,0.441,1.9,4.61,0.413
1628978,Donte DiVincenzo,1610612752,NYK,27.0,54,54,1.0,4.78,10.44,0.457,0.601,0.309,1.78,3.22,0.552,0.691,3.0,7.22,0.415
1630581,Josh Giddey,1610612760,OKC,21.0,53,53,1.0,4.64,10.4,0.446,0.493,0.715,3.68,7.43,0.495,0.285,0.96,2.96,0.325
1627741,Buddy Hield,1610612755,PHI,31.0,56,56,1.0,4.68,10.38,0.451,0.583,0.318,1.93,3.3,0.584,0.682,2.75,7.07,0.389
1626171,Bobby Portis,1610612749,MIL,29.0,56,56,1.0,5.11,10.34,0.494,0.55,0.708,3.95,7.32,0.539,0.292,1.16,3.02,0.385
1631170,Jaime Jaquez Jr.,1610612748,MIA,23.0,48,49,1.0,4.98,10.21,0.488,0.534,0.716,4.04,7.31,0.553,0.284,0.94,2.9,0.324
1629018,Gary Trent Jr.,1610612761,TOR,25.0,50,50,1.0,4.22,10.16,0.415,0.532,0.439,1.84,4.46,0.413,0.561,2.38,5.7,0.418
203915,Spencer Dinwiddie,1610612747,LAL,30.0,49,49,1.0,3.98,10.16,0.392,0.48,0.442,2.18,4.49,0.486,0.558,1.8,5.67,0.317
201572,Brook Lopez,1610612749,MIL,35.0,53,53,1.0,4.91,10.15,0.483,0.571,0.489,3.13,4.96,0.631,0.511,1.77,5.19,0.342
1629130,Duncan Robinson,1610612748,MIA,29.0,49,49,1.0,4.69,10.1,0.465,0.605,0.325,1.86,3.29,0.565,0.675,2.84,6.82,0.416
1631110,Jeremy Sochan,1610612759,SAS,20.0,55,55,1.0,4.45,10.09,0.441,0.488,0.723,3.51,7.29,0.481,0.277,0.95,2.8,0.338
203932,Aaron Gordon,1610612743,DEN,28.0,48,48,1.0,5.4,10.0,0.54,0.57,0.808,4.79,8.08,0.593,0.192,0.6,1.92,0.315
201569,Eric Gordon,1610612756,PHX,35.0,47,47,1.0,4.6,9.98,0.461,0.584,0.365,2.13,3.64,0.585,0.635,2.47,6.34,0.389
1629001,De'Anthony Melton,1610612755,PHI,25.0,33,33,1.0,3.91,9.91,0.394,0.502,0.413,1.79,4.09,0.437,0.587,2.12,5.82,0.365
1628386,Jarrett Allen,1610612739,CLE,25.0,48,48,1.0,6.4,9.9,0.646,0.646,0.989,6.4,9.79,0.653,0.011,0.0,0.1,0.0
1630591,Jalen Suggs,1610612753,ORL,22.0,50,50,1.0,4.38,9.84,0.445,0.55,0.455,2.32,4.48,0.518,0.545,2.06,5.36,0.384
201566,Russell Westbrook,1610612746,LAC,35.0,53,53,1.0,4.51,9.77,0.461,0.496,0.755,3.83,7.38,0.519,0.245,0.68,2.4,0.283
1630166,Deni Avdija,1610612764,WAS,23.0,54,54,1.0,5.06,9.7,0.521,0.58,0.708,3.91,6.87,0.569,0.292,1.15,2.83,0.405
1630530,Trey Murphy III,1610612740,NOP,23.0,29,29,1.0,4.24,9.69,0.438,0.568,0.285,1.72,2.76,0.625,0.715,2.52,6.93,0.363
202692,Alec Burks,1610612752,NYK,32.0,46,46,1.0,3.76,9.65,0.39,0.509,0.403,1.46,3.89,0.374,0.597,2.3,5.76,0.4
1631105,Jalen Duren,1610612765,DET,20.0,39,39,1.0,6.05,9.62,0.629,0.629,0.992,6.05,9.54,0.634,0.008,0.0,0.08,0.0
1641718,Keyonte George,1610612762,UTA,20.0,50,50,1.0,3.72,9.52,0.391,0.489,0.433,1.84,4.12,0.447,0.567,1.88,5.4,0.348
1626181,Norman Powell,1610612746,LAC,30.0,53,53,1.0,4.68,9.47,0.494,0.604,0.516,2.6,4.89,0.533,0.484,2.08,4.58,0.453
1629675,Naz Reid,1610612750,MIN,24.0,55,55,1.0,4.64,9.47,0.489,0.59,0.518,2.73,4.91,0.556,0.482,1.91,4.56,0.418
202685,Jonas Valanciunas,1610612740,NOP,31.0,54,54,1.0,5.46,9.46,0.577,0.606,0.836,4.93,7.91,0.623,0.164,0.54,1.56,0.345
202704,Reggie Jackson,1610612743,DEN,33.0,54,54,1.0,4.33,9.39,0.462,0.531,0.641,3.04,6.02,0.505,0.359,1.3,3.37,0.385
1630175,Cole Anthony,1610612753,ORL,23.0,54,54,1.0,4.06,9.37,0.433,0.489,0.654,3.0,6.13,0.489,0.346,1.06,3.24,0.326
1628380,Zach Collins,1610612759,SAS,26.0,43,43,1.0,4.4,9.26,0.475,0.52,0.661,3.56,6.12,0.582,0.339,0.84,3.14,0.267
1629659,Talen Horton-Tucker,1610612762,UTA,23.0,36,36,1.0,3.78,9.17,0.412,0.474,0.624,2.64,5.72,0.461,0.376,1.14,3.44,0.331
1630583,Santi Aldama,1610612763,MEM,23.0,44,43,1.0,3.93,9.16,0.429,0.521,0.467,2.25,4.27,0.527,0.533,1.68,4.89,0.344
1641715,Cam Whitmore,1610612745,HOU,19.0,28,27,1.0,4.36,9.11,0.478,0.573,0.533,2.64,4.86,0.544,0.467,1.71,4.25,0.403
1628971,Bruce Brown,1610612761,TOR,27.0,47,47,1.0,4.23,9.04,0.468,0.514,0.704,3.4,6.36,0.535,0.296,0.83,2.68,0.31
1628989,Kevin Huerter,1610612758,SAC,25.0,52,51,1.0,4.04,8.92,0.453,0.567,0.381,2.0,3.4,0.588,0.619,2.04,5.52,0.369
1629022,Lonnie Walker IV,1610612751,BKN,25.0,34,34,1.0,4.21,8.88,0.474,0.591,0.457,2.12,4.06,0.522,0.543,2.09,4.82,0.433
1630557,Corey Kispert,1610612764,WAS,24.0,53,52,1.0,4.21,8.83,0.476,0.588,0.378,2.25,3.34,0.672,0.622,1.96,5.49,0.357
203994,Jusuf Nurkic,1610612756,PHX,29.0,51,51,1.0,4.57,8.82,0.518,0.541,0.816,4.16,7.2,0.578,0.184,0.41,1.63,0.253
1630174,Aaron Nesmith,1610612754,IND,24.0,51,51,1.0,4.55,8.8,0.517,0.637,0.47,2.43,4.14,0.588,0.53,2.12,4.67,0.454
1627736,Malik Beasley,1610612749,MIL,27.0,54,54,1.0,4.11,8.78,0.468,0.633,0.259,1.22,2.28,0.537,0.741,2.89,6.5,0.444
1629060,Rui Hachimura,1610612747,LAL,26.0,41,40,1.0,4.46,8.76,0.51,0.579,0.649,3.24,5.68,0.571,0.351,1.22,3.07,0.397
1641713,GG Jackson,1610612763,MEM,19.0,23,22,1.0,3.96,8.7,0.455,0.56,0.49,2.13,4.26,0.5,0.51,1.83,4.43,0.412
1630183,Jaden McDaniels,1610612750,MIN,23.0,45,45,1.0,4.38,8.67,0.505,0.576,0.605,3.16,5.24,0.602,0.395,1.22,3.42,0.357
1631106,Tari Eason,1610612745,HOU,22.0,22,22,1.0,4.0,8.59,0.466,0.513,0.735,3.18,6.32,0.504,0.265,0.82,2.27,0.36
1628997,Caleb Martin,1610612748,MIA,28.0,38,37,1.0,3.87,8.58,0.451,0.515,0.632,2.76,5.42,0.51,0.368,1.11,3.16,0.35
1629651,Nic Claxton,1610612751,BKN,24.0,43,43,1.0,5.37,8.56,0.628,0.629,0.989,5.35,8.47,0.632,0.011,0.02,0.09,0.25
203084,Harrison Barnes,1610612758,SAC,31.0,54,54,1.0,4.13,8.56,0.483,0.592,0.448,2.26,3.83,0.589,0.552,1.87,4.72,0.396
1630191,Isaiah Stewart,1610612765,DET,22.0,35,35,1.0,4.0,8.49,0.471,0.552,0.572,2.63,4.86,0.541,0.428,1.37,3.63,0.378
1630172,Patrick Williams,1610612741,CHI,22.0,43,43,1.0,3.7,8.35,0.443,0.525,0.588,2.33,4.91,0.474,0.412,1.37,3.44,0.399
203991,Clint Capela,1610612737,ATL,29.0,47,47,1.0,4.81,8.28,0.581,0.581,1.0,4.81,8.28,0.581,0.0,0.0,0.0,
1641764,Brandin Podziemski,1610612744,GSW,20.0,47,46,1.0,3.85,8.28,0.465,0.541,0.607,2.6,5.02,0.517,0.393,1.26,3.26,0.386
203095,Evan Fournier,1610612765,DET,31.0,5,5,1.0,2.4,8.2,0.293,0.366,0.341,1.2,2.8,0.429,0.659,1.2,5.4,0.222
1628960,Grayson Allen,1610612756,PHX,28.0,48,49,1.0,4.13,8.17,0.505,0.649,0.39,1.77,3.19,0.556,0.61,2.35,4.98,0.473
1629652,Luguentz Dort,1610612760,OKC,24.0,52,52,1.0,3.58,8.15,0.439,0.554,0.408,1.69,3.33,0.509,0.592,1.88,4.83,0.39
1628365,Markelle Fultz,1610612753,ORL,25.0,21,21,1.0,3.95,8.05,0.491,0.494,0.959,3.9,7.71,0.506,0.041,0.05,0.33,0.143
1626196,Josh Richardson,1610612748,MIA,30.0,42,42,1.0,3.62,8.05,0.45,0.546,0.456,2.07,3.67,0.565,0.544,1.55,4.38,0.353
203497,Rudy Gobert,1610612750,MIN,31.0,54,54,1.0,5.19,8.0,0.648,0.648,0.995,5.19,7.96,0.651,0.005,0.0,0.04,0.0
1628379,Luke Kennard,1610612763,MEM,27.0,27,27,1.0,3.56,8.0,0.444,0.618,0.236,0.78,1.89,0.412,0.764,2.78,6.11,0.455
201144,Mike Conley,1610612750,MIN,36.0,50,50,1.0,3.54,7.98,0.444,0.588,0.348,1.24,2.78,0.446,0.652,2.3,5.2,0.442
1631109,Mark Williams,1610612766,CHA,22.0,19,19,1.0,5.16,7.95,0.649,0.649,1.0,5.16,7.95,0.649,0.0,0.0,0.0,
1641722,Jordan Hawkins,1610612740,NOP,21.0,47,46,1.0,3.19,7.89,0.404,0.531,0.342,1.19,2.7,0.441,0.658,2.0,5.19,0.385
203484,Kentavious Caldwell-Pope,1610612743,DEN,31.0,49,49,1.0,3.53,7.86,0.449,0.542,0.514,2.08,4.04,0.515,0.486,1.45,3.82,0.38
1630529,Herbert Jones,1610612740,NOP,25.0,49,49,1.0,3.92,7.84,0.5,0.594,0.547,2.45,4.29,0.571,0.453,1.47,3.55,0.414
1628963,Marvin Bagley III,1610612764,WAS,24.0,37,37,1.0,4.51,7.81,0.578,0.583,0.958,4.43,7.49,0.592,0.042,0.08,0.32,0.25
1628976,Wendell Carter Jr.,1610612753,ORL,24.0,29,29,1.0,4.17,7.79,0.535,0.608,0.637,3.03,4.97,0.611,0.363,1.14,2.83,0.402
1627752,Taurean Prince,1610612747,LAL,29.0,52,51,1.0,3.4,7.79,0.437,0.559,0.36,1.5,2.81,0.534,0.64,1.9,4.98,0.382
1627827,Dorian Finney-Smith,1610612751,BKN,30.0,44,44,1.0,3.14,7.73,0.406,0.531,0.318,1.2,2.45,0.491,0.682,1.93,5.27,0.366
1631223,David Roddy,1610612756,PHX,22.0,49,47,1.0,3.12,7.73,0.404,0.467,0.588,2.14,4.55,0.471,0.412,0.98,3.18,0.308
1630245,Ayo Dosunmu,1610612741,CHI,24.0,53,53,1.0,3.87,7.7,0.502,0.591,0.576,2.51,4.43,0.566,0.424,1.36,3.26,0.416
1629614,Andrew Nembhard,1610612754,IND,24.0,42,41,1.0,3.79,7.69,0.492,0.542,0.712,3.02,5.48,0.552,0.288,0.76,2.21,0.344
1627777,Georges Niang,1610612739,CLE,30.0,53,53,1.0,3.32,7.68,0.432,0.542,0.378,1.64,2.91,0.565,0.622,1.68,4.77,0.352
1628998,Cody Martin,1610612766,CHA,28.0,22,22,1.0,3.0,7.68,0.391,0.456,0.615,2.0,4.73,0.423,0.385,1.0,2.95,0.338
1630200,Tre Jones,1610612759,SAS,24.0,50,50,1.0,3.78,7.66,0.493,0.535,0.7,3.14,5.36,0.586,0.3,0.64,2.3,0.278
1631103,Malaki Branham,1610612759,SAS,20.0,50,49,1.0,3.26,7.66,0.426,0.488,0.595,2.3,4.56,0.504,0.405,0.96,3.1,0.31
101108,Chris Paul,1610612744,GSW,38.0,32,32,1.0,3.25,7.66,0.424,0.512,0.514,1.91,3.94,0.484,0.486,1.34,3.72,0.361
1627826,Ivica Zubac,1610612746,LAC,26.0,43,43,1.0,5.02,7.65,0.657,0.657,1.0,5.02,7.65,0.657,0.0,0.0,0.0,
1641709,Ausar Thompson,1610612765,DET,21.0,54,54,1.0,3.65,7.52,0.485,0.501,0.793,3.41,5.96,0.571,0.207,0.24,1.56,0.155
1631323,Simone Fontecchio,1610612765,DET,28.0,53,53,1.0,3.38,7.51,0.45,0.573,0.364,1.53,2.74,0.559,0.636,1.85,4.77,0.387
1630702,Jaden Hardy,1610612742,DAL,21.0,50,50,1.0,3.04,7.42,0.41,0.503,0.499,1.66,3.7,0.449,0.501,1.38,3.72,0.371
1630167,Obi Toppin,1610612754,IND,25.0,56,56,1.0,4.18,7.38,0.567,0.653,0.574,2.91,4.23,0.688,0.426,1.27,3.14,0.403
1630590,Scotty Pippen Jr.,1610612763,MEM,23.0,8,8,1.0,3.5,7.38,0.475,0.585,0.61,1.88,4.5,0.417,0.39,1.63,2.88,0.565
201565,Derrick Rose,1610612763,MEM,35.0,21,21,1.0,3.33,7.33,0.455,0.503,0.74,2.62,5.43,0.482,0.26,0.71,1.9,0.375
1627751,Jakob Poeltl,1610612761,TOR,28.0,44,44,1.0,4.91,7.27,0.675,0.675,1.0,4.91,7.27,0.675,0.0,0.0,0.0,
1629021,Moritz Wagner,1610612753,ORL,26.0,53,53,1.0,4.23,7.19,0.588,0.622,0.79,3.74,5.68,0.658,0.21,0.49,1.51,0.325
1627884,Derrick Jones Jr.,1610612742,DAL,27.0,50,50,1.0,3.48,7.16,0.486,0.57,0.506,2.28,3.62,0.63,0.494,1.2,3.54,0.339
1628404,Josh Hart,1610612752,NYK,28.0,54,54,1.0,3.02,7.15,0.422,0.486,0.583,2.11,4.17,0.507,0.417,0.91,2.98,0.304
1627936,Alex Caruso,1610612741,CHI,29.0,47,47,1.0,3.43,7.11,0.482,0.603,0.395,1.7,2.81,0.606,0.605,1.72,4.3,0.401
1630533,Ziaire Williams,1610612763,MEM,22.0,46,43,1.0,2.85,7.07,0.403,0.485,0.492,1.7,3.48,0.488,0.508,1.15,3.59,0.321
1629684,Grant Williams,1610612766,CHA,25.0,50,50,1.0,2.98,7.04,0.423,0.544,0.355,1.28,2.5,0.512,0.645,1.7,4.54,0.374
203110,Draymond Green,1610612744,GSW,33.0,29,27,1.0,3.55,6.93,0.512,0.592,0.642,2.45,4.45,0.55,0.358,1.1,2.48,0.444
1630182,Josh Green,1610612742,DAL,23.0,42,42,1.0,3.4,6.93,0.491,0.596,0.491,1.95,3.4,0.573,0.509,1.45,3.52,0.412
1631246,Vince Williams Jr.,1610612763,MEM,23.0,44,43,1.0,3.07,6.91,0.444,0.553,0.405,1.57,2.8,0.561,0.595,1.5,4.11,0.365
1641871,Duop Reath,1610612757,POR,27.0,40,40,1.0,3.28,6.9,0.475,0.574,0.482,1.9,3.33,0.571,0.518,1.38,3.58,0.385
204456,T.J. McConnell,1610612754,IND,31.0,45,45,1.0,3.67,6.84,0.536,0.541,0.938,3.6,6.42,0.561,0.062,0.07,0.42,0.158
1629655,Daniel Gafford,1610612742,DAL,25.0,48,48,1.0,4.6,6.75,0.682,0.682,1.0,4.6,6.75,0.682,0.0,0.0,0.0,
1630165,Killian Hayes,1610612765,DET,22.0,42,42,1.0,2.79,6.74,0.413,0.452,0.739,2.26,4.98,0.455,0.261,0.52,1.76,0.297
1630202,Payton Pritchard,1610612738,BOS,26.0,55,55,1.0,2.93,6.73,0.435,0.564,0.324,1.2,2.18,0.55,0.676,1.73,4.55,0.38
203967,Dario Saric,1610612744,GSW,29.0,51,50,1.0,3.22,6.71,0.48,0.583,0.485,1.82,3.25,0.56,0.515,1.39,3.45,0.403
1641731,Bilal Coulibaly,1610612764,WAS,19.0,53,53,1.0,2.98,6.68,0.446,0.521,0.588,1.98,3.92,0.505,0.412,1.0,2.75,0.363
1630173,Precious Achiuwa,1610612752,NYK,24.0,48,47,1.0,3.27,6.67,0.491,0.52,0.778,2.88,5.19,0.554,0.222,0.4,1.48,0.268
1628372,Dennis Smith Jr.,1610612751,BKN,26.0,37,37,1.0,2.95,6.62,0.445,0.484,0.718,2.43,4.76,0.511,0.282,0.51,1.86,0.275
1630188,Jalen Smith,1610612754,IND,23.0,38,38,1.0,4.18,6.61,0.633,0.721,0.641,3.03,4.24,0.714,0.359,1.16,2.37,0.489
1630168,Onyeka Okongwu,1610612737,ATL,23.0,53,53,1.0,4.0,6.58,0.607,0.639,0.814,3.58,5.36,0.669,0.186,0.42,1.23,0.338
1630171,Isaac Okoro,1610612739,CLE,23.0,44,44,1.0,3.23,6.55,0.493,0.573,0.594,2.18,3.89,0.561,0.406,1.05,2.66,0.393
1626220,Royce O'Neale,1610612756,PHX,30.0,51,51,1.0,2.53,6.55,0.386,0.537,0.183,0.55,1.2,0.459,0.817,1.98,5.35,0.37
1631133,Jabari Walker,1610612757,POR,21.0,50,50,1.0,3.04,6.48,0.469,0.511,0.698,2.5,4.52,0.553,0.302,0.54,1.96,0.276
200768,Kyle Lowry,1610612755,PHI,37.0,36,36,1.0,2.78,6.47,0.429,0.558,0.339,1.11,2.19,0.506,0.661,1.67,4.28,0.39
201567,Kevin Love,1610612748,MIA,35.0,43,43,1.0,2.77,6.4,0.433,0.553,0.298,1.23,1.91,0.646,0.702,1.53,4.49,0.342
1629216,Gabe Vincent,1610612747,LAL,27.0,5,5,1.0,2.4,6.4,0.375,0.406,0.469,2.0,3.0,0.667,0.531,0.4,3.4,0.118
1630541,Moses Moody,1610612744,GSW,21.0,39,38,1.0,2.97,6.38,0.466,0.548,0.522,1.92,3.33,0.577,0.478,1.05,3.05,0.345
203957,Dante Exum,1610612742,DAL,28.0,32,31,1.0,3.63,6.34,0.571,0.648,0.68,2.66,4.31,0.616,0.32,0.97,2.03,0.477
1630538,Bones Hyland,1610612746,LAC,23.0,19,18,1.0,2.32,6.32,0.367,0.45,0.467,1.26,2.95,0.429,0.533,1.05,3.37,0.313
1630573,Sam Hauser,1610612738,BOS,26.0,54,54,1.0,2.8,6.31,0.443,0.62,0.138,0.56,0.87,0.638,0.862,2.24,5.44,0.412
1630198,Isaiah Joe,1610612760,OKC,24.0,50,49,1.0,2.92,6.28,0.465,0.623,0.261,0.94,1.64,0.573,0.739,1.98,4.64,0.427
1629656,Quentin Grimes,1610612765,DET,23.0,45,45,1.0,2.47,6.22,0.396,0.532,0.254,0.78,1.58,0.493,0.746,1.69,4.64,0.364
1630214,Xavier Tillman,1610612738,BOS,25.0,34,33,1.0,2.56,6.18,0.414,0.443,0.757,2.21,4.68,0.472,0.243,0.35,1.5,0.235
201143,Al Horford,1610612738,BOS,37.0,45,45,1.0,2.98,6.16,0.484,0.617,0.347,1.33,2.13,0.625,0.653,1.64,4.02,0.409
1631204,Marcus Sasser,1610612765,DET,23.0,49,48,1.0,2.9,6.16,0.47,0.565,0.55,1.73,3.39,0.512,0.45,1.16,2.78,0.419
1630241,Sam Merrill,1610612739,CLE,27.0,37,34,1.0,2.7,6.16,0.439,0.629,0.136,0.35,0.84,0.419,0.864,2.35,5.32,0.442
1629611,Terance Mann,1610612746,LAC,27.0,47,47,1.0,2.83,6.13,0.462,0.531,0.542,1.98,3.32,0.596,0.458,0.85,2.81,0.303
1629669,Jaylen Nowell,1610612763,MEM,24.0,9,8,1.0,2.44,6.11,0.4,0.436,0.582,2.0,3.56,0.563,0.418,0.44,2.56,0.174
1629013,Landry Shamet,1610612764,WAS,26.0,37,37,1.0,2.68,6.08,0.44,0.538,0.444,1.49,2.7,0.55,0.556,1.19,3.38,0.352
1630346,Matt Ryan,1610612740,NOP,26.0,14,14,1.0,2.71,6.07,0.447,0.635,0.2,0.43,1.21,0.353,0.8,2.29,4.86,0.471
1641708,Amen Thompson,1610612745,HOU,21.0,35,35,1.0,3.06,6.0,0.51,0.524,0.819,2.89,4.91,0.587,0.181,0.17,1.09,0.158
1628995,Kevin Knox II,1610612765,DET,24.0,31,29,1.0,2.77,6.0,0.462,0.546,0.495,1.77,2.97,0.598,0.505,1.0,3.03,0.33
1641739,Toumani Camara,1610612757,POR,23.0,53,53,1.0,2.6,6.0,0.434,0.497,0.591,1.85,3.55,0.521,0.409,0.75,2.45,0.308
1630562,Matt Hurt,1610612763,MEM,23.0,3,3,1.0,2.0,6.0,0.333,0.389,0.444,1.33,2.67,0.5,0.556,0.67,3.33,0.2
203083,Andre Drummond,1610612741,CHI,30.0,55,54,1.0,3.31,5.93,0.558,0.558,0.994,3.31,5.89,0.562,0.006,0.0,0.04,0.0
1630631,Jose Alvarado,1610612740,NOP,25.0,36,35,1.0,2.47,5.92,0.418,0.521,0.408,1.25,2.42,0.517,0.592,1.22,3.5,0.349
1629638,Nickeil Alexander-Walker,1610612750,MIN,25.0,55,55,1.0,2.53,5.89,0.429,0.552,0.343,1.07,2.02,0.532,0.657,1.45,3.87,0.376
1641733,Nick Smith Jr.,1610612766,CHA,19.0,37,35,1.0,2.38,5.86,0.406,0.523,0.479,1.0,2.81,0.356,0.521,1.38,3.05,0.451
1629629,Cam Reddish,1610612747,LAL,24.0,34,33,1.0,2.35,5.85,0.402,0.48,0.533,1.44,3.12,0.462,0.467,0.91,2.74,0.333
1630230,Naji Marshall,1610612740,NOP,26.0,43,43,1.0,2.67,5.81,0.46,0.532,0.612,1.84,3.56,0.516,0.388,0.84,2.26,0.371
1631128,Christian Braun,1610612743,DEN,22.0,54,54,1.0,2.56,5.78,0.442,0.5,0.683,1.89,3.94,0.479,0.317,0.67,1.83,0.364
1631117,Walker Kessler,1610612762,UTA,22.0,48,47,1.0,3.75,5.75,0.652,0.659,0.935,3.67,5.38,0.682,0.065,0.08,0.38,0.222
1628988,Aaron Holiday,1610612745,HOU,27.0,51,49,1.0,2.63,5.69,0.462,0.574,0.452,1.35,2.57,0.527,0.548,1.27,3.12,0.409
203109,Jae Crowder,1610612749,MIL,33.0,25,25,1.0,2.48,5.64,0.44,0.56,0.348,1.12,1.96,0.571,0.652,1.36,3.68,0.37
1641726,Dereck Lively II,1610612742,DAL,20.0,37,37,1.0,4.14,5.62,0.736,0.736,0.99,4.14,5.57,0.743,0.01,0.0,0.05,0.0
1626224,Cedi Osman,1610612759,SAS,28.0,55,55,1.0,2.64,5.56,0.474,0.582,0.428,1.44,2.38,0.603,0.572,1.2,3.18,0.377
1631124,Julian Strawther,1610612743,DEN,21.0,34,32,1.0,2.18,5.56,0.392,0.492,0.37,1.06,2.06,0.514,0.63,1.12,3.5,0.319
203914,Gary Harris,1610612753,ORL,29.0,33,33,1.0,2.39,5.55,0.432,0.544,0.322,1.15,1.79,0.644,0.678,1.24,3.76,0.331
1631212,Peyton Watson,1610612743,DEN,21.0,52,52,1.0,2.58,5.54,0.465,0.528,0.625,1.88,3.46,0.544,0.375,0.69,2.08,0.333
1626168,Trey Lyles,1610612758,SAC,28.0,39,38,1.0,2.56,5.54,0.463,0.611,0.269,0.92,1.49,0.621,0.731,1.64,4.05,0.405
202694,Marcus Morris Sr.,1610612759,SAS,34.0,37,34,1.0,2.43,5.54,0.439,0.527,0.561,1.46,3.11,0.47,0.439,0.97,2.43,0.4
1630208,Nick Richards,1610612766,CHA,26.0,45,45,1.0,3.8,5.49,0.692,0.692,1.0,3.8,5.49,0.692,0.0,0.0,0.0,
1628420,Monte Morris,1610612750,MIN,28.0,9,9,1.0,2.11,5.44,0.388,0.429,0.592,1.67,3.22,0.517,0.408,0.44,2.22,0.2
1627732,Ben Simmons,1610612751,BKN,27.0,12,11,1.0,3.17,5.33,0.594,0.594,1.0,3.17,5.33,0.594,0.0,0.0,0.0,
1630553,Keon Johnson,1610612751,BKN,21.0,3,3,1.0,2.0,5.33,0.375,0.5,0.5,0.67,2.67,0.25,0.5,1.33,2.67,0.5
1630219,Skylar Mays,1610612747,LAL,26.0,29,24,1.0,2.07,5.31,0.39,0.442,0.649,1.52,3.45,0.44,0.351,0.55,1.86,0.296
1630194,Paul Reed,1610612755,PHI,24.0,54,54,1.0,2.89,5.3,0.545,0.565,0.885,2.69,4.69,0.573,0.115,0.2,0.61,0.333
1628975,Jevon Carter,1610612741,CHI,28.0,52,50,1.0,1.96,5.29,0.371,0.48,0.353,0.81,1.87,0.433,0.647,1.15,3.42,0.337
203482,Kelly Olynyk,1610612761,TOR,32.0,53,53,1.0,2.92,5.26,0.556,0.624,0.674,2.21,3.55,0.622,0.326,0.72,1.72,0.418
1626174,Christian Wood,1610612747,LAL,28.0,49,46,1.0,2.41,5.22,0.461,0.529,0.563,1.69,2.94,0.576,0.438,0.71,2.29,0.313
1630692,Jordan Goodwin,1610612763,MEM,25.0,41,38,1.0,2.05,5.2,0.394,0.453,0.601,1.44,3.12,0.461,0.399,0.61,2.07,0.294
1641717,Cason Wallace,1610612760,OKC,20.0,54,54,1.0,2.61,5.19,0.504,0.616,0.454,1.44,2.35,0.614,0.546,1.17,2.83,0.412
1626166,Cameron Payne,1610612755,PHI,29.0,51,50,1.0,2.27,5.16,0.441,0.549,0.426,1.16,2.2,0.527,0.574,1.12,2.96,0.377
1641854,Craig Porter Jr.,1610612739,CLE,23.0,32,25,1.0,2.59,5.09,0.509,0.531,0.877,2.38,4.47,0.531,0.123,0.22,0.63,0.35
201976,Patrick Beverley,1610612749,MIL,35.0,51,51,1.0,2.14,5.06,0.422,0.498,0.539,1.37,2.73,0.504,0.461,0.76,2.33,0.328
203937,Kyle Anderson,1610612750,MIN,30.0,55,55,1.0,2.35,5.05,0.464,0.477,0.885,2.22,4.47,0.496,0.115,0.13,0.58,0.219
1629312,Haywood Highsmith,1610612748,MIA,27.0,40,38,1.0,2.13,5.03,0.423,0.532,0.408,1.03,2.05,0.5,0.592,1.1,2.98,0.37
1628470,Torrey Craig,1610612741,CHI,33.0,33,33,1.0,2.12,5.03,0.422,0.53,0.41,1.03,2.06,0.5,0.59,1.09,2.97,0.367
1630549,Day'Ron Sharpe,1610612751,BKN,22.0,38,38,1.0,2.89,5.0,0.579,0.584,0.958,2.84,4.79,0.593,0.042,0.05,0.21,0.25
1630587,Isaiah Livers,1610612764,WAS,25.0,23,23,1.0,1.74,4.96,0.351,0.447,0.333,0.78,1.65,0.474,0.667,0.96,3.3,0.289
1631107,Nikola Jovic,1610612748,MIA,20.0,21,19,1.0,2.14,4.95,0.433,0.548,0.5,1.0,2.48,0.404,0.5,1.14,2.48,0.462
1630534,Ochai Agbaji,1610612761,TOR,23.0,54,54,1.0,2.06,4.94,0.416,0.506,0.434,1.17,2.15,0.543,0.566,0.89,2.8,0.318
1630700,Dyson Daniels,1610612740,NOP,20.0,51,49,1.0,2.18,4.92,0.442,0.506,0.57,1.55,2.8,0.552,0.43,0.63,2.12,0.296
1630540,Miles McBride,1610612752,NYK,23.0,42,36,1.0,2.1,4.86,0.431,0.549,0.422,0.95,2.05,0.465,0.578,1.14,2.81,0.407
1629680,Matisse Thybulle,1610612757,POR,26.0,52,52,1.0,1.87,4.79,0.39,0.522,0.229,0.6,1.1,0.544,0.771,1.27,3.69,0.344
201568,Danilo Gallinari,1610612749,MIL,35.0,32,31,1.0,2.16,4.78,0.451,0.539,0.503,1.31,2.41,0.545,0.497,0.84,2.38,0.355
1628371,Jonathan Isaac,1610612753,ORL,26.0,37,37,1.0,2.24,4.73,0.474,0.526,0.634,1.76,3.0,0.586,0.366,0.49,1.73,0.281
203926,Doug McDermott,1610612754,IND,32.0,49,48,1.0,2.04,4.73,0.431,0.601,0.194,0.43,0.92,0.467,0.806,1.61,3.82,0.422
1630577,Julian Champagnie,1610612759,SAS,22.0,48,47,1.0,1.88,4.71,0.398,0.531,0.279,0.63,1.31,0.476,0.721,1.25,3.4,0.368
1630544,Tre Mann,1610612766,CHA,23.0,16,10,1.0,2.25,4.69,0.48,0.573,0.573,1.38,2.69,0.512,0.427,0.88,2.0,0.438
1641711,Gradey Dick,1610612761,TOR,20.0,34,32,1.0,1.88,4.68,0.403,0.513,0.384,0.85,1.79,0.475,0.616,1.03,2.88,0.357
1629011,Mitchell Robinson,1610612752,NYK,25.0,21,21,1.0,2.76,4.67,0.592,0.592,1.0,2.76,4.67,0.592,0.0,0.0,0.0,
1627780,Gary Payton II,1610612744,GSW,31.0,20,20,1.0,2.4,4.65,0.516,0.575,0.624,1.85,2.9,0.638,0.376,0.55,1.75,0.314
1627739,Kris Dunn,1610612762,UTA,29.0,48,46,1.0,2.21,4.63,0.477,0.55,0.653,1.54,3.02,0.51,0.347,0.67,1.6,0.416
1628426,Sasha Vezenkov,1610612758,SAC,28.0,35,33,1.0,2.09,4.63,0.451,0.568,0.383,1.0,1.77,0.565,0.617,1.09,2.86,0.38
1630177,Theo Maledon,1610612756,PHX,22.0,15,13,1.0,1.33,4.6,0.29,0.326,0.565,1.0,2.6,0.385,0.435,0.33,2.0,0.167
1628392,Isaiah Hartenstein,1610612752,NYK,25.0,50,50,1.0,2.82,4.56,0.618,0.621,0.987,2.8,4.5,0.622,0.013,0.02,0.06,0.333
1628464,Daniel Theis,1610612746,LAC,31.0,40,37,1.0,2.48,4.55,0.544,0.585,0.802,2.1,3.65,0.575,0.198,0.38,0.9,0.417
1629670,Jordan Nwora,1610612761,TOR,25.0,28,25,1.0,2.0,4.54,0.441,0.52,0.543,1.29,2.46,0.522,0.457,0.71,2.07,0.345
1631288,Jamal Cain,1610612748,MIA,24.0,15,12,1.0,1.93,4.53,0.426,0.485,0.618,1.4,2.8,0.5,0.382,0.53,1.73,0.308
1629717,Armoni Brooks,1610612751,BKN,25.0,10,8,1.0,1.5,4.5,0.333,0.456,0.289,0.4,1.3,0.308,0.711,1.1,3.2,0.344
1629003,Shake Milton,1610612765,DET,27.0,41,38,1.0,1.8,4.49,0.402,0.448,0.668,1.39,3.0,0.463,0.332,0.41,1.49,0.279
1629731,Dean Wade,1610612739,CLE,27.0,44,43,1.0,1.84,4.48,0.411,0.584,0.132,0.3,0.59,0.5,0.868,1.55,3.89,0.398
1628449,Chris Boucher,1610612761,TOR,31.0,46,44,1.0,2.17,4.41,0.493,0.564,0.562,1.54,2.48,0.623,0.438,0.63,1.93,0.326
1641707,Taylor Hendricks,1610612762,UTA,20.0,17,16,1.0,1.71,4.41,0.387,0.487,0.387,0.82,1.71,0.483,0.613,0.88,2.71,0.326
1630570,Trendon Watford,1610612751,BKN,23.0,38,35,1.0,2.37,4.37,0.542,0.581,0.795,2.03,3.47,0.583,0.205,0.34,0.89,0.382
1629057,Robert Williams III,1610612757,POR,26.0,6,6,1.0,2.83,4.33,0.654,0.654,1.0,2.83,4.33,0.654,0.0,0.0,0.0,
1628467,Maxi Kleber,1610612742,DAL,32.0,19,18,1.0,2.0,4.32,0.463,0.567,0.415,1.11,1.79,0.618,0.585,0.89,2.53,0.354
1630543,Isaiah Jackson,1610612754,IND,22.0,43,41,1.0,2.77,4.26,0.65,0.65,0.978,2.77,4.16,0.665,0.022,0.0,0.09,0.0
203552,Seth Curry,1610612766,CHA,33.0,39,33,1.0,1.67,4.26,0.392,0.488,0.452,0.85,1.92,0.44,0.548,0.82,2.33,0.352
1641926,Dexter Dennis,1610612742,DAL,25.0,4,3,1.0,2.5,4.25,0.588,0.618,0.647,2.25,2.75,0.818,0.353,0.25,1.5,0.167
1631108,Max Christie,1610612747,LAL,21.0,42,37,1.0,1.76,4.24,0.416,0.506,0.506,1.0,2.14,0.467,0.494,0.76,2.1,0.364
201145,Jeff Green,1610612745,HOU,37.0,52,52,1.0,2.04,4.23,0.482,0.532,0.655,1.62,2.77,0.583,0.345,0.42,1.46,0.289
1641741,Ricky Council IV,1610612755,PHI,22.0,14,12,1.0,2.07,4.21,0.492,0.525,0.763,1.79,3.21,0.556,0.237,0.29,1.0,0.286
1631121,Bryce McGowens,1610612766,CHA,21.0,43,38,1.0,1.93,4.21,0.459,0.541,0.536,1.23,2.26,0.546,0.464,0.7,1.95,0.357
1630598,Aaron Wiggins,1610612760,OKC,25.0,51,48,1.0,2.41,4.14,0.583,0.68,0.626,1.61,2.59,0.621,0.374,0.8,1.55,0.519
1629007,Jontay Porter,1610612761,TOR,24.0,17,15,1.0,1.53,4.12,0.371,0.457,0.471,0.82,1.94,0.424,0.529,0.71,2.18,0.324
1626192,Pat Connaughton,1610612749,MIL,31.0,50,48,1.0,1.84,4.06,0.453,0.589,0.296,0.74,1.2,0.617,0.704,1.1,2.86,0.385
1631311,Lester Quinones,1610612744,GSW,23.0,19,17,1.0,1.58,4.05,0.39,0.513,0.377,0.58,1.53,0.379,0.623,1.0,2.53,0.396
1641998,Trey Jemison,1610612763,MEM,24.0,9,6,1.0,1.89,4.0,0.472,0.472,1.0,1.89,4.0,0.472,0.0,0.0,0.0,
1629232,Kaiser Gates,1610612740,NOP,27.0,1,1,1.0,0.0,4.0,0.0,0.0,0.5,0.0,2.0,0.0,0.5,0.0,2.0,0.0
202687,Bismack Biyombo,1610612760,OKC,31.0,30,28,1.0,2.23,3.97,0.563,0.563,1.0,2.23,3.97,0.563,0.0,0.0,0.0,
201587,Nicolas Batum,1610612755,PHI,35.0,34,33,1.0,2.06,3.97,0.519,0.681,0.281,0.76,1.12,0.684,0.719,1.29,2.85,0.454
1630164,James Wiseman,1610612765,DET,22.0,35,33,1.0,2.63,3.94,0.667,0.667,0.986,2.63,3.89,0.676,0.014,0.0,0.06,0.0
1629048,Goga Bitadze,1610612753,ORL,24.0,46,37,1.0,2.43,3.93,0.619,0.624,0.945,2.39,3.72,0.643,0.055,0.04,0.22,0.2
1629599,Amir Coffey,1610612746,LAC,26.0,41,36,1.0,2.2,3.93,0.559,0.668,0.509,1.34,2.0,0.671,0.491,0.85,1.93,0.443
1631222,Jake LaRavia,1610612763,MEM,22.0,11,10,1.0,1.45,3.91,0.372,0.43,0.442,1.0,1.73,0.579,0.558,0.45,2.18,0.208
204060,Joe Ingles,1610612753,ORL,36.0,41,41,1.0,1.61,3.9,0.413,0.553,0.313,0.51,1.22,0.42,0.688,1.1,2.68,0.409
1631367,Jacob Gilyard,1610612763,MEM,25.0,37,33,1.0,1.62,3.89,0.417,0.594,0.167,0.24,0.65,0.375,0.833,1.38,3.24,0.425
1641716,Jarace Walker,1610612754,IND,20.0,17,13,1.0,1.65,3.88,0.424,0.515,0.515,0.94,2.0,0.471,0.485,0.71,1.88,0.375
1631218,Trayce Jackson-Davis,1610612744,GSW,24.0,40,34,1.0,2.63,3.85,0.682,0.682,1.0,2.63,3.85,0.682,0.0,0.0,0.0,
1631216,Caleb Houstan,1610612753,ORL,21.0,40,34,1.0,1.5,3.85,0.39,0.562,0.071,0.18,0.28,0.636,0.929,1.33,3.58,0.371
1630256,Jae'Sean Tate,1610612745,HOU,28.0,51,50,1.0,1.78,3.82,0.467,0.521,0.651,1.37,2.49,0.551,0.349,0.41,1.33,0.309
1629026,Kenrich Williams,1610612760,OKC,29.0,43,43,1.0,1.74,3.81,0.457,0.561,0.476,0.95,1.81,0.526,0.524,0.79,2.0,0.395
201152,Thaddeus Young,1610612756,PHX,35.0,23,20,1.0,2.35,3.78,0.621,0.626,0.931,2.3,3.52,0.654,0.069,0.04,0.26,0.167
1629006,Josh Okogie,1610612756,PHX,25.0,48,45,1.0,1.58,3.77,0.42,0.486,0.547,1.08,2.06,0.525,0.453,0.5,1.71,0.293
1629020,Jarred Vanderbilt,1610612747,LAL,24.0,28,25,1.0,1.93,3.75,0.514,0.552,0.743,1.64,2.79,0.59,0.257,0.29,0.96,0.296
1630592,Jalen Wilson,1610612751,BKN,23.0,16,14,1.0,1.88,3.75,0.5,0.592,0.65,1.19,2.44,0.487,0.35,0.69,1.31,0.524
1630699,MarJon Beauchamp,1610612749,MIL,23.0,40,35,1.0,1.78,3.73,0.477,0.567,0.537,1.1,2.0,0.55,0.463,0.68,1.73,0.391
1628966,Keita Bates-Diop,1610612751,BKN,28.0,40,39,1.0,1.7,3.73,0.456,0.527,0.584,1.18,2.18,0.54,0.416,0.53,1.55,0.339
1626204,Larry Nance Jr.,1610612740,NOP,31.0,37,35,1.0,2.11,3.7,0.569,0.642,0.679,1.57,2.51,0.624,0.321,0.54,1.19,0.455
1626153,Delon Wright,1610612748,MIA,31.0,33,31,1.0,1.45,3.7,0.393,0.451,0.689,1.03,2.55,0.405,0.311,0.42,1.15,0.368
1630531,Jaden Springer,1610612738,BOS,21.0,32,27,1.0,1.44,3.69,0.39,0.424,0.686,1.19,2.53,0.469,0.314,0.25,1.16,0.216
1630696,Dru Smith,1610612748,MIA,26.0,9,7,1.0,1.67,3.67,0.455,0.561,0.485,0.89,1.78,0.5,0.515,0.78,1.89,0.412
202397,Ish Smith,1610612766,CHA,35.0,43,39,1.0,1.53,3.67,0.418,0.43,0.949,1.44,3.49,0.413,0.051,0.09,0.19,0.5
1641710,Anthony Black,1610612753,ORL,20.0,50,43,1.0,1.78,3.66,0.486,0.552,0.645,1.3,2.36,0.551,0.355,0.48,1.3,0.369
203486,Mason Plumlee,1610612746,LAC,33.0,23,22,1.0,2.39,3.65,0.655,0.655,1.0,2.39,3.65,0.655,0.0,0.0,0.0,
1631230,Dominick Barlow,1610612759,SAS,20.0,23,20,1.0,1.74,3.65,0.476,0.494,0.917,1.61,3.35,0.481,0.083,0.13,0.3,0.429
1631173,Terquavion Smith,1610612755,PHI,21.0,11,10,1.0,1.45,3.64,0.4,0.55,0.225,0.36,0.82,0.444,0.775,1.09,2.82,0.387
1629234,Drew Eubanks,1610612756,PHX,27.0,48,47,1.0,2.27,3.6,0.63,0.639,0.983,2.21,3.54,0.624,0.017,0.06,0.06,1.0
1629139,Yuta Watanabe,1610612763,MEM,29.0,30,26,1.0,1.3,3.6,0.361,0.477,0.241,0.47,0.87,0.538,0.759,0.83,2.73,0.305
1629723,John Konchar,1610612763,MEM,27.0,44,40,1.0,1.52,3.59,0.424,0.506,0.437,0.93,1.57,0.594,0.563,0.59,2.02,0.292
203488,Mike Muscala,1610612765,DET,32.0,37,35,1.0,1.3,3.59,0.361,0.462,0.368,0.57,1.32,0.429,0.632,0.73,2.27,0.321
1630558,Davion Mitchell,1610612758,SAC,25.0,44,40,1.0,1.41,3.57,0.395,0.475,0.484,0.84,1.73,0.487,0.516,0.57,1.84,0.309
1629002,Chimezie Metu,1610612756,PHX,26.0,36,30,1.0,1.75,3.53,0.496,0.555,0.598,1.33,2.11,0.632,0.402,0.42,1.42,0.294
203995,Vasilije Micic,1610612766,CHA,30.0,33,32,1.0,1.52,3.52,0.431,0.491,0.552,1.09,1.94,0.563,0.448,0.42,1.58,0.269
1631123,Jamaree Bouyea,1610612757,POR,24.0,6,4,1.0,0.83,3.5,0.238,0.238,0.619,0.83,2.17,0.385,0.381,0.0,1.33,0.0
1630201,Malachi Flynn,1610612765,DET,25.0,47,41,1.0,1.4,3.49,0.402,0.503,0.421,0.7,1.47,0.478,0.579,0.7,2.02,0.347
1630537,Chris Duarte,1610612758,SAC,26.0,37,35,1.0,1.27,3.49,0.364,0.453,0.45,0.65,1.57,0.414,0.55,0.62,1.92,0.324
1629674,Neemias Queta,1610612738,BOS,24.0,23,20,1.0,2.13,3.48,0.613,0.613,1.0,2.13,3.48,0.613,0.0,0.0,0.0,
1631172,Ousmane Dieng,1610612760,OKC,20.0,29,28,1.0,1.48,3.48,0.426,0.525,0.366,0.79,1.28,0.622,0.634,0.69,2.21,0.313
1631200,Kris Murray,1610612757,POR,23.0,34,26,1.0,1.41,3.47,0.407,0.487,0.5,0.85,1.74,0.492,0.5,0.56,1.74,0.322
1630527,Brandon Boston Jr.,1610612746,LAC,22.0,16,13,1.0,1.31,3.44,0.382,0.427,0.691,1.0,2.38,0.421,0.309,0.31,1.06,0.294
1641787,Tosan Evbuomwan,1610612765,DET,23.0,5,5,1.0,1.2,3.4,0.353,0.441,0.471,0.6,1.6,0.375,0.529,0.6,1.8,0.333
203496,Robert Covington,1610612755,PHI,33.0,29,26,1.0,1.48,3.38,0.439,0.536,0.429,0.83,1.45,0.571,0.571,0.66,1.93,0.339
1631260,AJ Green,1610612749,MIL,24.0,36,30,1.0,1.44,3.36,0.43,0.612,0.124,0.22,0.42,0.533,0.876,1.22,2.94,0.415
1626172,Kevon Looney,1610612744,GSW,28.0,53,50,1.0,2.06,3.34,0.616,0.616,1.0,2.06,3.34,0.616,0.0,0.0,0.0,
1628972,Troy Brown Jr.,1610612765,DET,24.0,40,34,1.0,1.48,3.33,0.444,0.575,0.293,0.6,0.98,0.615,0.707,0.88,2.35,0.372
1630205,Lamar Stevens,1610612763,MEM,26.0,22,17,1.0,1.64,3.32,0.493,0.527,0.849,1.41,2.82,0.5,0.151,0.23,0.5,0.455
1629642,Nassir Little,1610612756,PHX,24.0,32,27,1.0,1.5,3.28,0.457,0.543,0.438,0.94,1.44,0.652,0.562,0.56,1.84,0.305
1630647,Eugene Omoruyi,1610612764,WAS,27.0,24,21,1.0,1.67,3.25,0.513,0.545,0.731,1.46,2.38,0.614,0.269,0.21,0.88,0.238
1631104,Blake Wesley,1610612759,SAS,20.0,34,30,1.0,1.68,3.24,0.518,0.536,0.773,1.56,2.5,0.624,0.227,0.12,0.74,0.16
1631119,Jaylin Williams,1610612760,OKC,21.0,46,45,1.0,1.24,3.24,0.383,0.493,0.362,0.52,1.17,0.444,0.638,0.72,2.07,0.347
1630550,JT Thor,1610612766,CHA,21.0,43,38,1.0,1.19,3.23,0.367,0.435,0.568,0.74,1.84,0.405,0.432,0.44,1.4,0.317
1628964,Mo Bamba,1610612755,PHI,25.0,32,26,1.0,1.59,3.19,0.5,0.559,0.735,1.22,2.34,0.52,0.265,0.38,0.84,0.444
1629667,Jalen McDaniels,1610612761,TOR,26.0,33,30,1.0,1.06,3.18,0.333,0.386,0.495,0.73,1.58,0.462,0.505,0.33,1.61,0.208
203200,Justin Holiday,1610612743,DEN,34.0,32,25,1.0,1.41,3.16,0.446,0.584,0.297,0.53,0.94,0.567,0.703,0.88,2.22,0.394
1630639,A.J. Lawson,1610612742,DAL,23.0,27,22,1.0,1.44,3.11,0.464,0.542,0.524,0.96,1.63,0.591,0.476,0.48,1.48,0.325
1627863,Danuel House Jr.,1610612755,PHI,30.0,34,31,1.0,1.38,3.09,0.448,0.519,0.524,0.94,1.62,0.582,0.476,0.44,1.47,0.3
1628418,Thomas Bryant,1610612748,MIA,26.0,24,19,1.0,1.79,3.08,0.581,0.581,0.946,1.79,2.92,0.614,0.054,0.0,0.17,0.0
1630649,Stanley Umude,1610612765,DET,24.0,17,13,1.0,1.47,3.06,0.481,0.644,0.404,0.47,1.24,0.381,0.596,1.0,1.82,0.548
1628436,Luke Kornet,1610612738,BOS,28.0,39,33,1.0,2.1,3.05,0.689,0.689,1.0,2.1,3.05,0.689,0.0,0.0,0.0,
1631466,Nate Williams,1610612745,HOU,25.0,10,9,1.0,1.4,3.0,0.467,0.483,0.9,1.3,2.7,0.481,0.1,0.1,0.3,0.333
1630204,Ashton Hagans,1610612757,POR,24.0,4,3,1.0,1.25,3.0,0.417,0.417,0.667,1.25,2.0,0.625,0.333,0.0,1.0,0.0
1629643,Chuma Okeke,1610612753,ORL,25.0,33,29,1.0,1.15,3.0,0.384,0.5,0.273,0.45,0.82,0.556,0.727,0.7,2.18,0.319
1641767,Ben Sheppard,1610612754,IND,22.0,33,25,1.0,1.12,3.0,0.374,0.47,0.333,0.55,1.0,0.545,0.667,0.58,2.0,0.288
1631338,Mouhamadou Gueye,1610612761,TOR,25.0,1,1,1.0,1.0,3.0,0.333,0.333,1.0,1.0,3.0,0.333,0.0,0.0,0.0,
201580,JaVale McGee,1610612758,SAC,36.0,39,35,1.0,1.87,2.97,0.629,0.629,0.966,1.87,2.87,0.652,0.034,0.0,0.1,0.0
1630184,Kira Lewis Jr.,1610612762,UTA,22.0,17,15,1.0,0.88,2.94,0.3,0.32,0.6,0.76,1.76,0.433,0.4,0.12,1.18,0.1
1630547,James Bouknight,1610612766,CHA,23.0,14,13,1.0,1.29,2.93,0.439,0.598,0.268,0.36,0.79,0.455,0.732,0.93,2.14,0.433
1630243,Trevelin Queen,1610612753,ORL,26.0,13,12,1.0,1.08,2.92,0.368,0.408,0.553,0.85,1.62,0.524,0.447,0.23,1.31,0.176
202693,Markieff Morris,1610612742,DAL,34.0,17,16,1.0,0.94,2.88,0.327,0.429,0.388,0.35,1.12,0.316,0.612,0.59,1.76,0.333
1630625,Dalano Banton,1610612757,POR,24.0,27,23,1.0,1.07,2.85,0.377,0.403,0.701,0.93,2.0,0.463,0.299,0.15,0.85,0.174
1629004,Svi Mykhailiuk,1610612738,BOS,26.0,23,19,1.0,0.96,2.83,0.338,0.462,0.2,0.26,0.57,0.462,0.8,0.7,2.26,0.308
1630526,Jeremiah Robinson-Earl,1610612740,NOP,23.0,20,16,1.0,1.5,2.8,0.536,0.607,0.607,1.1,1.7,0.647,0.393,0.4,1.1,0.364
1628981,Bruno Fernando,1610612737,ATL,25.0,18,15,1.0,1.5,2.78,0.54,0.54,0.94,1.5,2.61,0.574,0.06,0.0,0.17,0.0
1629052,Oshae Brissett,1610612738,BOS,25.0,36,26,1.0,1.28,2.78,0.46,0.52,0.59,0.94,1.64,0.576,0.41,0.33,1.14,0.293
1630209,Omer Yurtseven,1610612762,UTA,25.0,30,23,1.0,1.33,2.77,0.482,0.5,0.819,1.23,2.27,0.544,0.181,0.1,0.5,0.2
1631165,Keon Ellis,1610612758,SAC,24.0,33,25,1.0,1.15,2.73,0.422,0.572,0.189,0.33,0.52,0.647,0.811,0.82,2.21,0.37
1626158,Richaun Holmes,1610612764,WAS,30.0,25,21,1.0,1.56,2.72,0.574,0.574,1.0,1.56,2.72,0.574,0.0,0.0,0.0,
1630215,Jared Butler,1610612764,WAS,23.0,18,14,1.0,1.56,2.72,0.571,0.673,0.531,1.0,1.44,0.692,0.469,0.56,1.28,0.435
1641732,Colby Jones,1610612758,SAC,21.0,17,12,1.0,1.0,2.71,0.37,0.38,0.717,0.94,1.94,0.485,0.283,0.06,0.76,0.077
1630231,KJ Martin,1610612755,PHI,23.0,40,30,1.0,1.48,2.7,0.546,0.569,0.815,1.35,2.2,0.614,0.185,0.13,0.5,0.25
1630192,Zeke Nnaji,1610612743,DEN,23.0,39,35,1.0,1.18,2.69,0.438,0.462,0.829,1.05,2.23,0.471,0.171,0.13,0.46,0.278
1641712,Rayan Rupert,1610612757,POR,19.0,16,15,1.0,0.94,2.69,0.349,0.43,0.605,0.5,1.63,0.308,0.395,0.44,1.06,0.412
201599,DeAndre Jordan,1610612743,DEN,35.0,28,25,1.0,1.68,2.68,0.627,0.627,1.0,1.68,2.68,0.627,0.0,0.0,0.0,
201988,Patty Mills,1610612737,ATL,35.0,19,15,1.0,1.0,2.68,0.373,0.5,0.333,0.32,0.89,0.353,0.667,0.68,1.79,0.382
1630611,Gui Santos,1610612744,GSW,21.0,12,11,1.0,1.25,2.67,0.469,0.531,0.594,0.92,1.58,0.579,0.406,0.33,1.08,0.308
1628385,Harry Giles III,1610612751,BKN,25.0,16,12,1.0,1.31,2.63,0.5,0.536,0.738,1.13,1.94,0.581,0.262,0.19,0.69,0.273
202684,Tristan Thompson,1610612739,CLE,32.0,36,28,1.0,1.69,2.61,0.649,0.649,0.989,1.69,2.58,0.656,0.011,0.0,0.03,0.0
1631220,Dereon Seabron,1610612740,NOP,23.0,5,4,1.0,0.8,2.6,0.308,0.346,0.846,0.6,2.2,0.273,0.154,0.2,0.4,0.5
1629626,Bol Bol,1610612756,PHX,24.0,17,13,1.0,1.71,2.59,0.659,0.705,0.727,1.47,1.88,0.781,0.273,0.24,0.71,0.333
1631115,Orlando Robinson,1610612748,MIA,23.0,24,14,1.0,1.33,2.58,0.516,0.573,0.79,1.04,2.04,0.51,0.21,0.29,0.54,0.538
1630240,Saben Lee,1610612756,PHX,24.0,12,11,1.0,1.08,2.58,0.419,0.419,0.742,1.08,1.92,0.565,0.258,0.0,0.67,0.0
1641730,Noah Clowney,1610612751,BKN,19.0,7,5,1.0,1.57,2.57,0.611,0.639,0.778,1.43,2.0,0.714,0.222,0.14,0.57,0.25
1630688,Ish Wainright,1610612757,POR,29.0,7,6,1.0,0.86,2.57,0.333,0.5,0.111,0.0,0.29,0.0,0.889,0.86,2.29,0.375
1629726,Garrison Mathews,1610612737,ATL,27.0,39,33,1.0,1.15,2.54,0.455,0.657,0.081,0.13,0.21,0.625,0.919,1.03,2.33,0.44
1631098,Johnny Davis,1610612764,WAS,21.0,23,17,1.0,1.04,2.52,0.414,0.431,0.879,0.96,2.22,0.431,0.121,0.09,0.3,0.286
1631157,Ryan Rollins,1610612749,MIL,21.0,10,9,1.0,1.3,2.5,0.52,0.56,0.88,1.1,2.2,0.5,0.12,0.2,0.3,0.667
1628984,Devonte' Graham,1610612759,SAS,28.0,12,12,1.0,0.92,2.5,0.367,0.483,0.267,0.33,0.67,0.5,0.733,0.58,1.83,0.318
1631100,AJ Griffin,1610612737,ATL,20.0,18,17,1.0,0.72,2.5,0.289,0.389,0.267,0.22,0.67,0.333,0.733,0.5,1.83,0.273
1641734,Emoni Bates,1610612739,CLE,20.0,10,7,1.0,0.6,2.5,0.24,0.34,0.2,0.1,0.5,0.2,0.8,0.5,2.0,0.25
1641727,Dariq Whitehead,1610612751,BKN,19.0,2,1,1.0,0.5,2.5,0.2,0.2,0.4,0.5,1.0,0.5,0.6,0.0,1.5,0.0
203925,Joe Harris,1610612765,DET,32.0,16,13,1.0,0.88,2.44,0.359,0.487,0.231,0.25,0.56,0.444,0.769,0.63,1.88,0.333
1631131,Oscar Tshiebwe,1610612754,IND,24.0,7,7,1.0,1.29,2.43,0.529,0.529,1.0,1.29,2.43,0.529,0.0,0.0,0.0,
1631116,Patrick Baldwin Jr.,1610612764,WAS,21.0,17,14,1.0,0.94,2.41,0.39,0.512,0.463,0.35,1.12,0.316,0.537,0.59,1.29,0.455
1631254,Kenneth Lofton Jr.,1610612755,PHI,21.0,17,14,1.0,0.88,2.41,0.366,0.402,0.707,0.71,1.71,0.414,0.293,0.18,0.71,0.25
1629111,Jock Landale,1610612745,HOU,28.0,29,23,1.0,0.9,2.38,0.377,0.391,0.739,0.83,1.76,0.471,0.261,0.07,0.62,0.111
202709,Cory Joseph,1610612744,GSW,32.0,26,22,1.0,0.85,2.38,0.355,0.452,0.355,0.38,0.85,0.455,0.645,0.46,1.54,0.3
1641765,Olivier-Maxence Prosper,1610612742,DAL,21.0,30,24,1.0,0.83,2.37,0.352,0.408,0.535,0.57,1.27,0.447,0.465,0.27,1.1,0.242
1629677,Luka Samanic,1610612762,UTA,24.0,26,19,1.0,0.88,2.35,0.377,0.426,0.607,0.65,1.42,0.459,0.393,0.23,0.92,0.25
1630235,Trent Forrest,1610612737,ATL,25.0,20,17,1.0,0.75,2.35,0.319,0.34,0.851,0.65,2.0,0.325,0.149,0.1,0.35,0.286
1629650,Moses Brown,1610612757,POR,24.0,9,7,1.0,1.0,2.33,0.429,0.429,1.0,1.0,2.33,0.429,0.0,0.0,0.0,
1641735,Amari Bailey,1610612766,CHA,20.0,3,3,1.0,0.67,2.33,0.286,0.286,0.571,0.67,1.33,0.5,0.429,0.0,1.0,0.0
1629162,Jordan McLaughlin,1610612750,MIN,27.0,33,24,1.0,0.91,2.3,0.395,0.507,0.434,0.39,1.0,0.394,0.566,0.52,1.3,0.395
202722,Davis Bertans,1610612766,CHA,31.0,18,15,1.0,0.83,2.28,0.366,0.549,0.049,0.0,0.11,0.0,0.951,0.83,2.17,0.385
1630322,Lindy Waters III,1610612760,OKC,26.0,23,16,1.0,1.0,2.26,0.442,0.644,0.077,0.09,0.17,0.5,0.923,0.91,2.09,0.438
1631306,Cole Swider,1610612748,MIA,24.0,9,8,1.0,0.78,2.22,0.35,0.45,0.25,0.33,0.56,0.6,0.75,0.44,1.67,0.267
203490,Otto Porter Jr.,1610612762,UTA,30.0,15,13,1.0,0.93,2.2,0.424,0.545,0.303,0.4,0.67,0.6,0.697,0.53,1.53,0.348
1630572,Sandro Mamukelashvili,1610612759,SAS,24.0,30,23,1.0,0.9,2.2,0.409,0.47,0.485,0.63,1.07,0.594,0.515,0.27,1.13,0.235
202083,Wesley Matthews,1610612737,ATL,37.0,21,19,1.0,0.62,2.19,0.283,0.38,0.217,0.19,0.48,0.4,0.783,0.43,1.71,0.25
1641720,Jalen Hood-Schifino,1610612747,LAL,20.0,16,14,1.0,0.56,2.19,0.257,0.271,0.686,0.5,1.5,0.333,0.314,0.06,0.69,0.091
1627788,Furkan Korkmaz,1610612755,PHI,26.0,35,28,1.0,0.86,2.17,0.395,0.487,0.474,0.46,1.03,0.444,0.526,0.4,1.14,0.35
1629637,Jaxson Hayes,1610612747,LAL,23.0,44,33,1.0,1.5,2.14,0.702,0.702,0.947,1.5,2.02,0.742,0.053,0.0,0.11,0.0
203493,Reggie Bullock Jr.,1610612745,HOU,32.0,22,20,1.0,0.91,2.14,0.426,0.585,0.234,0.23,0.5,0.455,0.766,0.68,1.64,0.417
1641793,D'Moi Hodge,1610612747,LAL,25.0,7,6,1.0,0.71,2.14,0.333,0.433,0.2,0.29,0.43,0.667,0.8,0.43,1.71,0.25
1631207,Dalen Terry,1610612741,CHI,21.0,35,29,1.0,0.77,2.09,0.37,0.432,0.425,0.51,0.89,0.581,0.575,0.26,1.2,0.214
1629646,Charles Bassey,1610612759,SAS,23.0,19,13,1.0,1.47,2.05,0.718,0.718,0.974,1.47,2.0,0.737,0.026,0.0,0.05,0.0
203939,Dwight Powell,1610612742,DAL,32.0,47,36,1.0,1.43,2.02,0.705,0.711,0.979,1.4,1.98,0.71,0.021,0.02,0.04,0.5
1626246,Boban Marjanovic,1610612745,HOU,35.0,9,8,1.0,1.11,2.0,0.556,0.556,0.889,1.11,1.78,0.625,0.111,0.0,0.22,0.0
1629660,Ty Jerome,1610612739,CLE,26.0,2,2,1.0,1.0,2.0,0.5,0.5,0.75,1.0,1.5,0.667,0.25,0.0,0.5,0.0
1631221,Collin Gillespie,1610612743,DEN,24.0,18,13,1.0,0.89,2.0,0.444,0.542,0.444,0.5,0.89,0.563,0.556,0.39,1.11,0.35
1641723,Kobe Bufkin,1610612737,ATL,20.0,5,5,1.0,0.6,2.0,0.3,0.4,0.3,0.2,0.6,0.333,0.7,0.4,1.4,0.286
1630181,R.J. Hampton,1610612748,MIA,23.0,7,6,1.0,0.57,2.0,0.286,0.321,0.429,0.43,0.86,0.5,0.571,0.14,1.14,0.125
1631262,Jules Bernard,1610612764,WAS,24.0,6,6,1.0,0.5,2.0,0.25,0.292,0.333,0.33,0.67,0.5,0.667,0.17,1.33,0.125
1630568,Luka Garza,1610612750,MIN,25.0,13,10,1.0,0.85,1.92,0.44,0.5,0.64,0.62,1.23,0.5,0.36,0.23,0.69,0.333
1641748,Andre Jackson Jr.,1610612749,MIL,22.0,45,31,1.0,1.0,1.91,0.523,0.61,0.535,0.67,1.02,0.652,0.465,0.33,0.89,0.375
1630227,Daishen Nix,1610612750,MIN,22.0,10,7,1.0,0.8,1.9,0.421,0.553,0.316,0.3,0.6,0.5,0.684,0.5,1.3,0.385
1641754,Seth Lundy,1610612737,ATL,23.0,9,9,1.0,0.44,1.89,0.235,0.324,0.235,0.11,0.44,0.25,0.765,0.33,1.44,0.231
1641738,Kobe Brown,1610612746,LAC,24.0,32,27,1.0,0.66,1.84,0.356,0.441,0.39,0.34,0.72,0.478,0.61,0.31,1.13,0.278
1631197,Jared Rhoden,1610612765,DET,24.0,6,4,1.0,1.0,1.83,0.545,0.591,0.636,0.83,1.17,0.714,0.364,0.17,0.67,0.25
1630314,Brandon Williams,1610612742,DAL,24.0,12,10,1.0,0.67,1.83,0.364,0.409,0.727,0.5,1.33,0.375,0.273,0.17,0.5,0.333
1630207,Nate Hinton,1610612745,HOU,24.0,11,8,1.0,0.91,1.82,0.5,0.675,0.45,0.27,0.82,0.333,0.55,0.64,1.0,0.636
1631210,Jacob Toppin,1610612752,NYK,23.0,5,2,1.0,1.0,1.8,0.556,0.611,0.556,0.8,1.0,0.8,0.444,0.2,0.8,0.25
1631217,Moussa Diabate,1610612746,LAC,22.0,10,7,1.0,0.9,1.8,0.5,0.5,1.0,0.9,1.8,0.5,0.0,0.0,0.0,
1628373,Frank Ntilikina,1610612766,CHA,25.0,5,5,1.0,0.2,1.8,0.111,0.167,0.111,0.0,0.2,0.0,0.889,0.2,1.6,0.125
1641778,Leaky Black,1610612766,CHA,24.0,22,16,1.0,0.77,1.77,0.436,0.526,0.615,0.45,1.09,0.417,0.385,0.32,0.68,0.467
1629618,Jalen Pickett,1610612743,DEN,24.0,16,15,1.0,0.75,1.75,0.429,0.554,0.286,0.31,0.5,0.625,0.714,0.44,1.25,0.35
1641749,Keyontae Johnson,1610612760,OKC,23.0,7,5,1.0,0.57,1.71,0.333,0.375,0.833,0.43,1.43,0.3,0.167,0.14,0.29,0.5
1641724,Jett Howard,1610612753,ORL,20.0,13,12,1.0,0.62,1.69,0.364,0.477,0.227,0.23,0.38,0.6,0.773,0.38,1.31,0.294
1629603,Mamadi Diakite,1610612759,SAS,27.0,3,2,1.0,1.33,1.67,0.8,0.8,1.0,1.33,1.67,0.8,0.0,0.0,0.0,
1631386,Taze Moore,1610612757,POR,25.0,3,3,1.0,1.0,1.67,0.6,0.6,0.6,1.0,1.0,1.0,0.4,0.0,0.67,0.0
1629623,Lindell Wigginton,1610612749,MIL,25.0,3,2,1.0,0.67,1.67,0.4,0.4,0.6,0.67,1.0,0.667,0.4,0.0,0.67,0.0
1641729,Brice Sensabaugh,1610612762,UTA,20.0,6,4,1.0,0.5,1.67,0.3,0.35,0.6,0.33,1.0,0.333,0.4,0.17,0.67,0.25
203458,Alex Len,1610612758,SAC,30.0,22,16,1.0,1.05,1.64,0.639,0.639,0.917,1.05,1.5,0.697,0.083,0.0,0.14,0.0
1630264,Anthony Gill,1610612764,WAS,31.0,29,18,1.0,0.79,1.62,0.489,0.521,0.745,0.69,1.21,0.571,0.255,0.1,0.41,0.25
1630197,Aleksej Pokusevski,1610612760,OKC,22.0,10,10,1.0,0.4,1.6,0.25,0.313,0.313,0.2,0.5,0.4,0.688,0.2,1.1,0.182
1628962,Udoka Azubuike,1610612756,PHX,24.0,14,8,1.0,1.14,1.57,0.727,0.727,1.0,1.14,1.57,0.727,0.0,0.0,0.0,
1631159,Leonard Miller,1610612750,MIN,20.0,7,6,1.0,1.0,1.57,0.636,0.682,0.727,0.86,1.14,0.75,0.273,0.14,0.43,0.333
1630678,Terry Taylor,1610612741,CHI,24.0,18,12,1.0,0.83,1.56,0.536,0.554,0.75,0.78,1.17,0.667,0.25,0.06,0.39,0.143
1630284,Kevon Harris,1610612753,ORL,26.0,2,1,1.0,1.0,1.5,0.667,0.667,1.0,1.0,1.5,0.667,0.0,0.0,0.0,
1630846,Olivier Sarr,1610612760,OKC,25.0,12,6,1.0,0.83,1.5,0.556,0.611,0.667,0.67,1.0,0.667,0.333,0.17,0.5,0.333
1641763,Julian Phillips,1610612741,CHI,20.0,30,19,1.0,0.6,1.5,0.4,0.456,0.489,0.43,0.73,0.591,0.511,0.17,0.77,0.217
1631241,Javon Freeman-Liberty,1610612761,TOR,24.0,2,1,1.0,0.5,1.5,0.333,0.333,1.0,0.5,1.5,0.333,0.0,0.0,0.0,
1629718,Charlie Brown Jr.,1610612752,NYK,27.0,6,4,1.0,0.33,1.5,0.222,0.333,0.333,0.0,0.5,0.0,0.667,0.33,1.0,0.333
1641788,Alex Fudge,1610612747,LAL,20.0,4,4,1.0,0.25,1.5,0.167,0.167,0.667,0.25,1.0,0.25,0.333,0.0,0.5,0.0
1630548,Johnny Juzang,1610612762,UTA,22.0,2,2,1.0,0.0,1.5,0.0,0.0,0.0,0.0,0.0,,1.0,0.0,1.5,0.0
203469,Cody Zeller,1610612740,NOP,31.0,35,22,1.0,0.6,1.49,0.404,0.413,0.942,0.57,1.4,0.408,0.058,0.03,0.09,0.333
1630658,Colin Castleton,1610612747,LAL,23.0,7,6,1.0,1.0,1.43,0.7,0.7,1.0,1.0,1.43,0.7,0.0,0.0,0.0,
1631102,TyTy Washington Jr.,1610612749,MIL,22.0,5,5,1.0,0.2,1.4,0.143,0.214,0.571,0.0,0.8,0.0,0.429,0.2,0.6,0.333
1629685,Dylan Windler,1610612747,LAL,27.0,8,5,1.0,0.63,1.38,0.455,0.682,0.091,0.0,0.13,0.0,0.909,0.63,1.25,0.5
1630556,Kessler Edwards,1610612758,SAC,23.0,36,19,1.0,0.58,1.36,0.429,0.551,0.367,0.25,0.5,0.5,0.633,0.33,0.86,0.387
1631303,Justin Minaya,1610612757,POR,24.0,17,9,1.0,0.35,1.35,0.261,0.326,0.348,0.18,0.47,0.375,0.652,0.18,0.88,0.2
1630600,Isaiah Mobley,1610612739,CLE,24.0,3,2,1.0,0.67,1.33,0.5,0.625,0.5,0.33,0.67,0.5,0.5,0.33,0.67,0.5
1630535,Greg Brown III,1610612742,DAL,22.0,6,2,1.0,0.5,1.33,0.375,0.438,0.625,0.33,0.83,0.4,0.375,0.17,0.5,0.333
202066,Garrett Temple,1610612761,TOR,37.0,16,13,1.0,0.5,1.31,0.381,0.429,0.571,0.38,0.75,0.5,0.429,0.13,0.56,0.222
1627745,Damian Jones,1610612739,CLE,28.0,25,12,1.0,0.68,1.28,0.531,0.563,0.781,0.6,1.0,0.6,0.219,0.08,0.28,0.286
200782,P.J. Tucker,1610612746,LAC,38.0,15,10,1.0,0.4,1.27,0.316,0.447,0.158,0.07,0.2,0.333,0.842,0.33,1.07,0.313
201959,Taj Gibson,1610612752,NYK,38.0,16,10,1.0,0.38,1.25,0.3,0.3,0.8,0.38,1.0,0.375,0.2,0.0,0.25,0.0
1641775,Jordan Walsh,1610612738,BOS,19.0,4,3,1.0,0.25,1.25,0.2,0.2,0.4,0.25,0.5,0.5,0.6,0.0,0.75,0.0
1629678,Admiral Schofield,1610612753,ORL,26.0,13,8,1.0,0.46,1.23,0.375,0.469,0.375,0.23,0.46,0.5,0.625,0.23,0.77,0.3
1641757,Jordan Miller,1610612746,LAC,24.0,5,4,1.0,0.8,1.2,0.667,0.75,0.833,0.6,1.0,0.6,0.167,0.2,0.2,1.0
1631112,Kendall Brown,1610612754,IND,20.0,5,2,1.0,0.6,1.2,0.5,0.5,0.833,0.6,1.0,0.6,0.167,0.0,0.2,0.0
1631321,Sidy Cissoko,1610612759,SAS,19.0,5,3,1.0,0.2,1.2,0.167,0.167,0.333,0.2,0.4,0.5,0.667,0.0,0.8,0.0
201577,Robin Lopez,1610612749,MIL,35.0,16,9,1.0,0.44,1.19,0.368,0.421,0.579,0.31,0.69,0.455,0.421,0.13,0.5,0.25
1630259,Jordan Ford,1610612758,SAC,25.0,6,4,1.0,0.67,1.17,0.571,0.714,0.571,0.33,0.67,0.5,0.429,0.33,0.5,0.667
1630641,Ibou Badji,1610612757,POR,21.0,17,9,1.0,0.71,1.12,0.632,0.632,1.0,0.71,1.12,0.632,0.0,0.0,0.0,
1641877,Nathan Mensah,1610612766,CHA,25.0,25,16,1.0,0.48,1.12,0.429,0.429,1.0,0.48,1.12,0.429,0.0,0.0,0.0,
1630579,Jericho Sims,1610612752,NYK,25.0,28,14,1.0,0.79,1.11,0.71,0.71,1.0,0.79,1.11,0.71,0.0,0.0,0.0,
1631169,Josh Minott,1610612750,MIN,21.0,19,13,1.0,0.53,1.11,0.476,0.5,0.714,0.47,0.79,0.6,0.286,0.05,0.32,0.167
1629610,DaQuan Jeffries,1610612752,NYK,26.0,10,6,1.0,0.5,1.1,0.455,0.5,0.636,0.4,0.7,0.571,0.364,0.1,0.4,0.25
1629308,Juan Toscano-Anderson,1610612758,SAC,30.0,11,6,1.0,0.27,1.09,0.25,0.292,0.667,0.18,0.73,0.25,0.333,0.09,0.36,0.25
1641766,Adama Sanogo,1610612741,CHI,22.0,3,1,1.0,1.0,1.0,1.0,1.0,1.0,1.0,1.0,1.0,0.0,0.0,0.0,
1641809,Drew Peterson,1610612738,BOS,24.0,1,1,1.0,1.0,1.0,1.0,1.5,0.0,0.0,0.0,,1.0,1.0,1.0,1.0
1631257,Jermaine Samuels Jr.,1610612745,HOU,25.0,11,7,1.0,0.73,1.0,0.727,0.727,0.818,0.73,0.82,0.889,0.182,0.0,0.18,0.0
1629875,Xavier Moon,1610612746,LAC,29.0,2,1,1.0,0.5,1.0,0.5,0.5,0.5,0.5,0.5,1.0,0.5,0.0,0.5,0.0
1628977,Hamidou Diallo,1610612764,WAS,25.0,2,1,1.0,0.5,1.0,0.5,0.5,1.0,0.5,1.0,0.5,0.0,0.0,0.0,
1630296,Braxton Key,1610612743,DEN,27.0,15,9,1.0,0.4,1.0,0.4,0.433,0.733,0.33,0.73,0.455,0.267,0.07,0.27,0.25
201949,James Johnson,1610612754,IND,37.0,5,3,1.0,0.4,1.0,0.4,0.4,0.8,0.4,0.8,0.5,0.2,0.0,0.2,0.0
1641806,Markquis Nowell,1610612761,TOR,24.0,1,1,1.0,0.0,1.0,0.0,0.0,1.0,0.0,1.0,0.0,0.0,0.0,0.0,
1631214,Alondes Williams,1610612748,MIA,24.0,1,1,1.0,0.0,1.0,0.0,0.0,0.0,0.0,0.0,,1.0,0.0,1.0,0.0
1631250,Pete Nance,1610612739,CLE,24.0,2,1,1.0,0.0,1.0,0.0,0.0,1.0,0.0,1.0,0.0,0.0,0.0,0.0,
201980,Danny Green,1610612755,PHI,36.0,2,2,1.0,0.0,1.0,0.0,0.0,0.5,0.0,0.5,0.0,0.5,0.0,0.5,0.0
1629010,Jerome Robinson,1610612744,GSW,26.0,9,5,1.0,0.0,1.0,0.0,0.0,0.444,0.0,0.44,0.0,0.556,0.0,0.56,0.0
1641753,Chris Livingston,1610612749,MIL,20.0,15,9,1.0,0.47,0.93,0.5,0.536,0.929,0.4,0.87,0.462,0.071,0.07,0.07,1.0
203648,Thanasis Antetokounmpo,1610612749,MIL,31.0,23,10,1.0,0.48,0.91,0.524,0.524,0.952,0.48,0.87,0.55,0.048,0.0,0.04,0.0
1630643,Jay Huff,1610612743,DEN,26.0,8,5,1.0,0.5,0.88,0.571,0.714,0.286,0.25,0.25,1.0,0.714,0.25,0.63,0.4
1641816,Hunter Tyson,1610612743,DEN,23.0,9,4,1.0,0.11,0.78,0.143,0.143,0.143,0.11,0.11,1.0,0.857,0.0,0.67,0.0
1630604,E.J. Liddell,1610612740,NOP,23.0,8,4,1.0,0.13,0.75,0.167,0.167,0.167,0.13,0.13,1.0,0.833,0.0,0.63,0.0
1631111,Wendell Moore Jr.,1610612750,MIN,22.0,14,7,1.0,0.36,0.71,0.5,0.5,0.6,0.36,0.43,0.833,0.4,0.0,0.29,0.0
1627885,Shaquille Harrison,1610612763,MEM,30.0,3,1,1.0,0.33,0.67,0.5,0.5,1.0,0.33,0.67,0.5,0.0,0.0,0.0,
1630196,Filip Petrusev,1610612758,SAC,23.0,3,1,1.0,0.33,0.67,0.5,0.5,1.0,0.33,0.67,0.5,0.0,0.0,0.0,
1641771,Jalen Slawson,1610612758,SAC,24.0,5,1,1.0,0.4,0.6,0.667,0.667,0.667,0.4,0.4,1.0,0.333,0.0,0.2,0.0
1630695,Micah Potter,1610612762,UTA,25.0,2,1,1.0,0.0,0.5,0.0,0.0,0.0,0.0,0.0,,1.0,0.0,0.5,0.0
1631120,JD Davison,1610612738,BOS,21.0,2,1,1.0,0.0,0.5,0.0,0.0,0.0,0.0,0.0,,1.0,0.0,0.5,0.0
1630586,Usman Garuba,1610612744,GSW,21.0,2,1,1.0,0.0,0.5,0.0,0.0,1.0,0.0,0.5,0.0,0.0,0.0,0.0,
1631243,Mouhamed Gueye,1610612737,ATL,21.0,2,1,1.0,0.0,0.5,0.0,0.0,0.0,0.0,0.0,,1.0,0.0,0.5,0.0
1631376,Dmytro Skapintsev,1610612752,NYK,25.0,2,1,1.0,0.0,0.5,0.0,0.0,1.0,0.0,0.5,0.0,0.0,0.0,0.0,
1641721,Maxwell Lewis,1610612747,LAL,21.0,18,7,1.0,0.11,0.44,0.25,0.25,0.875,0.11,0.39,0.286,0.125,0.0,0.06,0.0
1627853,Ryan Arcidiacono,1610612752,NYK,29.0,20,5,1.0,0.0,0.25,0.0,0.0,0.0,0.0,0.0,,1.0,0.0,0.25,0.0
